1.482318521,1.482318521,,0.985083724,0.828648712
0.964729508,1.935650422,,0.770724312,1
0.246765637,1.417871942,,0.473379683,0.804289067
-0.109496653,0.699718605,,0.325833709,0.53284005
-0.115547325,0.343266847,,0.323327824,0.39810771
-0.062197953,0.337026708,,0.345422458,0.39574905
-0.035946957,0.390186614,,0.356294304,0.415842536
0.003469667,0.416248143,,0.372618693,0.425693324
0.023335682,0.4554753,,0.3808462,0.440520483
-0.02860665,0.475151847,,0.359334291,0.447957863
-0.030734513,0.423020049,,0.358453037,0.428252983
0.096377251,0.420702719,,0.411096355,0.427377074
0.275051701,0.547625016,,0.485094352,0.475351414
0.296370209,0.726109999,,0.493923408,0.542815521
0.304730485,0.74723904,,0.497385816,0.550801918
0.311569454,0.755409849,,0.500218174,0.553890336
0.321915851,0.762059351,,0.504503132,0.556403728
0.326896725,0.772216281,,0.506565961,0.560242865
0.318710032,0.777007688,,0.503175443,0.56205393
0.295041516,0.768631528,,0.493373131,0.558887893
0.25720603,0.744773546,,0.47770357,0.549870005
0.217983027,0.706748593,,0.461459369,0.535497258
0.186290443,0.667336122,,0.44833389,0.520600055
0.160904542,0.635454072,,0.437820323,0.508549214
0.136793126,0.609878704,,0.427834584,0.498882186
0.108497246,0.585577821,,0.416115849,0.489696891
0.06724833,0.557092474,,0.399032617,0.478929943
0.019378433,0.515654091,,0.379207306,0.463266981
-0.01768256,0.467594727,,0.363858501,0.445101408
-0.024296043,0.430344267,,0.361119529,0.431021405
0.011028535,0.423541317,,0.375749197,0.428450013
0.075665698,0.458676429,,0.402518669,0.441730452
0.136365795,0.523124124,,0.427657605,0.466090519
0.160887237,0.583634755,,0.437813156,0.488962447
0.104650143,0.607966729,,0.414522572,0.498159494
-0.01137242,0.551540169,,0.366471845,0.476831272
-0.165933453,0.435328139,,0.302460416,0.432905219
-0.332001764,0.280577639,,0.23368325,0.374412319
-0.482895051,0.114319861,,0.171190818,0.311569876
-0.597841512,-0.036762893,,0.123585759,0.254463318
-0.664202981,-0.151898821,,0.096102166,0.210944012
-0.67849913,-0.218449757,,0.090181418,0.185788958
-0.64295541,-0.232935373,,0.104901845,0.180313656
-0.565855974,-0.197581119,,0.136832564,0.193676927
-0.459725956,-0.120671151,,0.180786295,0.222747509
-0.338589882,-0.0147306,,0.230954782,0.262791128
-0.214374856,0.106216007,,0.282398417,0.308506765
-0.092887577,0.230241566,,0.332712355,0.355386191
0.022646531,0.351539378,,0.380560788,0.401234578
0.12772179,0.466884019,,0.424077691,0.444832773
0.218139885,0.571769812,,0.461524332,0.484477712
0.289037596,0.66199844,,0.490886608,0.518582507
0.325852919,0.732706684,,0.506133668,0.545308949
0.315825429,0.76933254,,0.501980785,0.559152862
0.258369787,0.759115583,,0.47818554,0.555291037
0.161247666,0.701470474,,0.437962428,0.533502225
0.047242367,0.604158886,,0.39074715,0.496720198
-0.049487603,0.489964121,,0.350686448,0.453556635
-0.097448039,0.393044684,,0.33082364,0.416922835
-0.063801628,0.34489478,,0.344758296,0.398723039
0.02157216,0.378351724,,0.380115838,0.411369161
0.127898258,0.463536045,,0.424150775,0.443567299
0.220203287,0.569672677,,0.462378889,0.483685033
0.298428422,0.661788238,,0.494775817,0.518503055
0.364778933,0.739823907,,0.522254871,0.547999131
0.419443972,0.805984951,,0.544894389,0.573006813
0.460322077,0.860460523,,0.56182405,0.593597598
0.478226001,0.901149161,,0.569238957,0.608977169
0.457425364,0.918863618,,0.560624377,0.615672915
0.395262778,0.897873514,,0.534879751,0.607739034
0.312009479,0.835521462,,0.50040041,0.584171082
0.228666214,0.752078696,,0.465883809,0.55263122
0.159499726,0.668545964,,0.437238519,0.521057353
0.110279221,0.599190008,,0.416853854,0.494842052
0.077170858,0.549780036,,0.40314203,0.476165973
0.055429639,0.516482206,,0.394137908,0.463579994
0.041263246,0.494551521,,0.388270898,0.45529059
0.03113426,0.480195661,,0.38407598,0.449864333
0.022282641,0.469877208,,0.380410084,0.445964144
0.011022766,0.460836122,,0.375746808,0.442546777
-0.005393293,0.44938678,,0.3689481,0.438219132
-0.028218109,0.432781254,,0.359495205,0.431942542
-0.056926896,0.409766971,,0.347605465,0.423243558
-0.091682281,0.380868717,,0.333211528,0.412320539
-0.124742775,0.345923865,,0.31951953,0.399112015
-0.152654004,0.312673904,,0.307960098,0.386544129
-0.172139213,0.284573208,,0.299890302,0.375922572
-0.178633897,0.264898532,,0.297200529,0.368485899
-0.191273216,0.258214381,,0.291965958,0.365959411
-0.216723706,0.245385596,,0.281425641,0.361110361
-0.250237479,0.219745639,,0.267545917,0.35141892
-0.278777874,0.186042399,,0.255725916,0.338679702
-0.302546736,0.157312537,,0.245882046,0.327820332
-0.319205008,0.133354208,,0.238983025,0.318764516
-0.332861607,0.116506469,,0.233327146,0.312396374
-0.349140994,0.102660403,,0.226585041,0.307162811
-0.365038034,0.086191549,,0.220001284,0.300937881
-0.379052757,0.070105042,,0.214197088,0.294857471
-0.396036283,0.055900852,,0.207163364,0.289488543
-0.423521914,0.038727859,,0.195780194,0.282997461
-0.461648052,0.011052762,,0.17999026,0.272536773
-0.498410319,-0.027262844,,0.164765172,0.258054165
-0.508644263,-0.064214578,,0.160526786,0.244087076
-0.473212417,-0.074637988,,0.175200879,0.240147214
-0.391851814,-0.039395609,,0.208896361,0.253468198
-0.280995244,0.041775527,,0.254807593,0.284149425
-0.164798526,0.15244263,,0.302930446,0.325979595
-0.07037647,0.268449881,,0.342035326,0.369828245
-0.012773198,0.36268247,,0.365891713,0.405446465
0.00336663,0.420096275,,0.37257602,0.427147849
-0.007945724,0.436046636,,0.367891011,0.433176798
-0.026482276,0.424544815,,0.3602141,0.428829317
-0.032456786,0.405818796,,0.357739758,0.421751219
-0.01348368,0.399654819,,0.365597467,0.419421347
0.036210865,0.418438458,,0.386178455,0.426521224
0.109347867,0.467943537,,0.416468134,0.445233251
0.185372932,0.540891072,,0.447953903,0.472806105
0.254418316,0.61672667,,0.476549038,0.501470594
0.307587418,0.685582586,,0.498569014,0.527496889
0.355430786,0.738562222,,0.518383338,0.547522237
0.392587509,0.786216123,,0.533771789,0.565534553
0.413738774,0.823183379,,0.542531582,0.579507509
0.422262832,0.844145177,,0.546061819,0.587430691
0.431225749,0.852479768,,0.54977381,0.590581016
0.459474338,0.861253218,,0.561472959,0.593897222
0.515791018,0.88931234,,0.584796504,0.604503064
0.594201847,0.945439553,,0.617270337,0.625718139
0.676942466,1.023660915,,0.651537352,0.655284404
0.741004668,1.106212068,,0.678068703,0.686487252
0.764691639,1.170084802,,0.687878659,0.710629994
0.742357006,1.193582306,,0.678628774,0.719511627
0.685471713,1.171058206,,0.655069738,0.710997924
0.618549705,1.113983447,,0.627353999,0.689424693
0.563136699,1.046871972,,0.60440471,0.664057765
0.525655299,0.991269499,,0.588881794,0.643041033
0.498816715,0.953598632,,0.577766599,0.628802124
0.474335641,0.926570581,,0.567627765,0.618586008
0.449193103,0.90190004,,0.557214987,0.609260988
0.422390852,0.876568035,,0.546114839,0.599685947
0.385754302,0.849576317,,0.530941817,0.589483564
0.330489506,0.8127503,,0.50805391,0.575563993
0.25813738,0.757296037,,0.478089288,0.554603281
0.185191264,0.684754444,,0.447878665,0.527183867
0.138261372,0.611618862,,0.428442657,0.499539935
0.12436314,0.564499502,,0.422686707,0.481729666
0.148366714,0.550411803,,0.432627783,0.47640477
0.198542795,0.574225911,,0.4534082,0.485406073
0.229246354,0.624212525,,0.466124074,0.504300112
0.216550519,0.654726617,,0.460866096,0.515833889
0.157034944,0.641841315,,0.436217729,0.510963477
0.068752905,0.582136273,,0.399655736,0.488396047
-0.025349087,0.493664767,,0.36068341,0.454955413
-0.107152585,0.399373308,,0.326804504,0.419314941
-0.169518164,0.317380343,,0.300975809,0.388323078
-0.213952141,0.254825297,,0.282573484,0.364678398
-0.246584154,0.210201854,,0.26905894,0.347811541
-0.275749682,0.177380373,,0.256980042,0.335405613
-0.307713317,0.148025378,,0.243742307,0.324309954
-0.333788937,0.115872277,,0.232943093,0.312156661
-0.331283797,0.089607189,,0.233980596,0.302228931
-0.289995664,0.091922863,,0.25108007,0.303104214
-0.217234664,0.133021528,,0.281214028,0.318638769
-0.139459924,0.205593062,,0.313424425,0.346069501
-0.089696752,0.283178335,,0.334033835,0.375395336
-0.083425247,0.33275204,,0.336631178,0.394133302
-0.10753551,0.338834078,,0.326645916,0.396432203
-0.140467402,0.314534349,,0.313007177,0.387247343
-0.161536201,0.281412989,,0.304281538,0.374728066
-0.158208122,0.260154724,,0.305659861,0.366692825
-0.129954917,0.263293336,,0.317360922,0.367879164
-0.089820163,0.291357073,,0.333982724,0.378486751
-0.057310988,0.331302361,,0.347446394,0.39358535
-0.024319117,0.363622068,,0.361109973,0.405801617
0.005316413,0.396424473,,0.373383523,0.418200334
0.012053307,0.425870536,,0.376173606,0.429330415
0.01671527,0.432417963,,0.378104358,0.431805225
0.018943602,0.436890459,,0.379027221,0.433495748
0.018704276,0.438929324,,0.378928104,0.434266402
0.027846545,0.438500531,,0.382714374,0.434104326
0.066784666,0.447453333,,0.39884059,0.437488324
0.14391294,0.486201987,,0.430783254,0.452134617
0.249913206,0.563140794,,0.474683248,0.481216099
0.362649217,0.668951594,,0.52137285,0.521210674
0.447743311,0.781498137,,0.556614556,0.563751239
0.473099802,0.866402765,,0.567115943,0.595843658
0.439484532,0.891569788,,0.553194184,0.605356339
0.37191605,0.857765052,,0.525210707,0.592578758
0.306063225,0.790007103,,0.49793777,0.566967474
0.2736492,0.72396481,,0.484513506,0.542004678
0.287413063,0.691361318,,0.490213808,0.529681146
0.330525844,0.704935715,,0.50806896,0.534812023
0.377433246,0.747859029,,0.527495653,0.551036262
0.40820428,0.794576964,,0.540239472,0.5686948
0.409009916,0.825158531,,0.540573126,0.580254081
0.373650735,0.8257747,,0.525929127,0.580486982
0.30721891,0.790226052,,0.498416396,0.567050233
0.22736924,0.72360476,,0.465346668,0.541868586
0.158209092,0.643565623,,0.436704003,0.511615235
0.12600095,0.574216008,,0.423365005,0.48540233
0.156067267,0.541818399,,0.435816966,0.473156618
0.207304459,0.571695249,,0.457036842,0.484449529
0.25090973,0.622742975,,0.475095958,0.503744649
0.244295094,0.666158779,,0.472356508,0.52015504
0.186549381,0.659354676,,0.448441129,0.517583212
0.084410053,0.601419495,,0.406140142,0.495684758
-0.032734174,0.499090701,,0.357624878,0.457006318
-0.127347116,0.381757007,,0.318440942,0.412656297
-0.17258846,0.286954598,,0.299704246,0.376822695
-0.16635444,0.241523787,,0.302286065,0.359650667
-0.123746841,0.247568341,,0.319931995,0.361935399
-0.075394254,0.289986472,,0.339957212,0.377968688
-0.048856702,0.338149592,,0.350947735,0.39617348
-0.057599902,0.364497677,,0.34732674,0.406132581
-0.103408707,0.355565011,,0.328355031,0.402756194
-0.175565911,0.309566739,,0.298471135,0.385369676
-0.254391962,0.237220068,,0.265825338,0.358023939
-0.318945505,0.15820455,,0.239090498,0.328157497
-0.357404973,0.09346154,,0.223162515,0.303685806
-0.367867285,0.054812605,,0.21882955,0.289077206
-0.355117242,0.044160826,,0.224109978,0.285051025
-0.323755102,0.056721402,,0.237098604,0.289798696
-0.280800912,0.087894075,,0.254888075,0.301581405
-0.24104447,0.130658798,,0.2713532,0.317745699
-0.224201657,0.170225773,,0.278328649,0.332701303
-0.241214015,0.18687912,,0.271282983,0.338995968
-0.286605299,0.169677294,,0.25248419,0.332493988
-0.341918534,0.124096544,,0.229576221,0.315265286
-0.368543166,0.068593842,,0.218549634,0.294286265
-0.368167166,0.041779743,,0.218705355,0.284151018
-0.342951964,0.041966276,,0.229148227,0.284221525
-0.288679076,0.066992011,,0.251625335,0.293680801
-0.221139433,0.121075431,,0.279596868,0.31412336
-0.156561093,0.188425608,,0.306341978,0.339580512
-0.104943289,0.252814481,,0.327719484,0.363918346
-0.069345359,0.304242819,,0.342462361,0.38335733
-0.044925989,0.339651282,,0.352575639,0.396741091
-0.021064281,0.363881184,,0.362457962,0.405899558
0.02012293,0.387553425,,0.379515639,0.414847238
0.098583933,0.428551169,,0.412010252,0.430343646
0.222123076,0.506822706,,0.46317397,0.459928876
0.38072383,0.630172381,,0.528858448,0.506552831
0.547531458,0.788583669,,0.597941802,0.566429442
0.686821166,0.95520183,,0.655628614,0.629408104
0.771931982,1.094302071,,0.690877246,0.681985488
0.793125923,1.17922342,,0.699654713,0.714084227
0.757187169,1.200227894,,0.684770684,0.72202354
0.682491377,1.164099673,,0.653835432,0.708367723
0.604670501,1.089214414,,0.621605928,0.680062445
0.560548512,1.011204071,,0.603332813,0.650575942
0.565332157,0.966892615,,0.605313959,0.63382701
0.614036523,0.971486793,,0.625484865,0.635563526
0.68936206,1.020001693,,0.656680925,0.653901284
0.770275728,1.095137762,,0.690191308,0.682301364
0.842638809,1.175861963,,0.720160467,0.712813657
0.895479199,1.248035577,,0.742044307,0.740093982
0.906037243,1.300686501,,0.746416919,0.759995083
0.874055161,1.311055078,,0.733171545,0.763914218
0.807699462,1.278883529,,0.705690342,0.751753952
0.739614846,1.212338362,,0.677493109,0.726601079
0.690105998,1.14406428,,0.656989027,0.700794706
0.681038697,1.094365965,,0.653233805,0.682009639
0.716927278,1.085109197,,0.668097056,0.678510747
0.780058706,1.120808311,,0.694242927,0.692004369
0.840510251,1.183750272,,0.719278926,0.715795296
0.866002266,1.244012351,,0.72983644,0.738573275
0.844771993,1.269314899,,0.721043925,0.748137182
0.791726877,1.247895158,,0.699075299,0.740040907
0.741212275,1.194660576,,0.678154684,0.719919194
0.723018853,1.143956506,,0.670619881,0.700753969
0.750369539,1.125573618,,0.681947163,0.693805569
0.815014776,1.152734837,,0.708719978,0.70407202
0.894499983,1.217190607,,0.741638765,0.72843514
0.95508532,1.296486347,,0.766730173,0.7584075
0.966685442,1.356882217,,0.771534362,0.78123605
0.92756682,1.368292872,,0.75533339,0.785549072
0.855552059,1.328984783,,0.725508488,0.770691323
0.782116912,1.256780555,,0.695095333,0.743399426
0.74608877,1.183155941,,0.680174283,0.715570649
0.773069218,1.146938332,,0.691348232,0.701881046
0.864681638,1.173729313,,0.729289502,0.712007554
0.999815139,1.265152266,,0.785255021,0.746563782
1.141787027,1.4000963,,0.844052657,0.797570195
1.254766972,1.541878722,,0.890843284,0.851161395
1.309788405,1.6546692,,0.913630402,0.893794163
1.313933653,1.709501165,,0.915347156,0.914519657
1.28039739,1.713456946,,0.901458118,0.916014871
1.233550543,1.679731217,,0.882056503,0.903267153
1.177662343,1.632694903,,0.858910414,0.885488274
1.115896519,1.576617236,,0.833330107,0.864291927
1.06020728,1.514661946,,0.810266417,0.840873944
1.020342997,1.458783239,,0.79375663,0.8197528
1.002459837,1.41872949,,0.786350322,0.804613205
1.005134526,1.400656863,,0.787458044,0.797782077
1.01823866,1.403142085,,0.792885119,0.798721447
1.032871019,1.416056752,,0.798945109,0.803602958
1.049720174,1.430499643,,0.805923184,0.809062111
1.073366777,1.447159332,,0.815716421,0.815359173
1.112303165,1.470616467,,0.83184192,0.824225547
1.176600082,1.509363389,,0.858470479,0.838871185
1.263011911,1.573470839,,0.894257925,0.863102646
1.355104139,1.659693201,,0.932397907,0.895693144
1.421155922,1.751595962,,0.959753243,0.930430732
1.429098676,1.817458278,,0.963042733,0.9553255
1.372027689,1.825211565,,0.939406793,0.958256103
1.278447026,1.767951111,,0.900650375,0.936612683
1.191370846,1.674180981,,0.864587788,0.901169264
1.147093731,1.586915334,,0.846250428,0.868184422
1.165371347,1.542448752,,0.8538201,0.851376856
1.231863719,1.560536902,,0.881357905,0.85821385
1.313457878,1.626839806,,0.915150114,0.883275153
1.37882686,1.708244499,,0.942222668,0.91404466
1.398725556,1.773424013,,0.95046371,0.938681342
1.382305457,1.793133242,,0.943663329,0.946131075
1.352451937,1.776523677,,0.931299498,0.939852959
1.327407437,1.74648069,,0.920927322,0.928497251
1.304065325,1.721246723,,0.91126019,0.918959266
1.268551015,1.697715144,,0.896551944,0.910064754
1.208290931,1.662011367,,0.871595239,0.896569369
1.130748017,1.601561817,,0.839480853,0.873720529
1.056681392,1.523829435,,0.808806171,0.84433909
1.001358352,1.449573344,,0.785894142,0.816271626
0.976810379,1.394060836,,0.775727603,0.795288898
0.986814222,1.369323397,,0.779870693,0.785938592
1.019994087,1.379137773,,0.793612129,0.789648249
1.061187639,1.412128171,,0.810672433,0.802118025
1.102383499,1.453132256,,0.827733692,0.81761683
1.146155436,1.494138649,,0.845861833,0.833116508
1.188963148,1.537721119,,0.86359064,0.849589896
1.213418848,1.580339364,,0.873718965,0.865698824
1.195610079,1.604605597,,0.866343466,0.874871023
1.122755658,1.586607361,,0.836170818,0.868068014
1.005152387,1.513563473,,0.787465441,0.840458741
0.868140034,1.395770735,,0.730721796,0.795935209
0.750840682,1.258568915,,0.682142287,0.744075394
0.683170706,1.141080096,,0.654116776,0.699666738
0.674369837,1.073220653,,0.650471898,0.674017092
0.719822827,1.064230317,,0.669296247,0.670618907
0.798527191,1.109493841,,0.701891647,0.687727703
0.877801325,1.188008737,,0.734723018,0.717404919
0.929802632,1.267093404,,0.756259351,0.747297497
0.954031114,1.318905244,,0.766293574,0.766881439
0.967241932,1.34294426,,0.771764832,0.775967754
1.004695653,1.355965611,,0.787276285,0.78088959
1.068539288,1.393229865,,0.813717117,0.794974806
1.13518391,1.456884033,,0.841317977,0.819034935
1.175582209,1.523339188,,0.858048927,0.844153785
1.17015152,1.56354802,,0.855799808,0.859351999
1.120841056,1.557927865,,0.835377886,0.857227682
1.046583551,1.508427933,,0.804624152,0.838517599
0.979655202,1.433980961,,0.776905786,0.810377986
0.943745864,1.366863146,,0.762033939,0.785008661
0.942410825,1.330764341,,0.761481033,0.771363964
0.971434487,1.329239835,,0.773501178,0.770787728
1.016169496,1.358074029,,0.792028176,0.781686534
1.061778191,1.402619572,,0.81091701,0.798523946
1.103796412,1.4480388,,0.828318849,0.815691596
1.147172738,1.489867554,,0.846283148,0.831502111
1.200052343,1.533054413,,0.868183229,0.847825965
1.260250722,1.585744551,,0.893114379,0.867741888
1.317408794,1.645753464,,0.916786386,0.890424175
1.35609836,1.702722069,,0.932809664,0.911957281
1.363323711,1.741222167,,0.935802042,0.926509624
1.33245695,1.748258052,,0.923018577,0.929169062
1.268730959,1.717201824,,0.896626467,0.917430367
1.191174782,1.653286366,,0.864506588,0.893271476
1.121219383,1.575540721,,0.83553457,0.863885024
1.071862201,1.505395855,,0.815093301,0.837371529
1.033363518,1.455849207,,0.799149077,0.818643789
1.007035884,1.417161057,,0.788245491,0.804020365
1.00027996,1.390643956,,0.785447526,0.793997379
1.034660496,1.383698565,,0.79968622,0.791372146
1.095932092,1.417889634,,0.825061843,0.804295754
1.171958884,1.478971763,,0.856548327,0.827383698
1.243452889,1.554809088,,0.886157559,0.85604884
1.284843098,1.626113626,,0.903299307,0.88300067
1.283881179,1.667314369,,0.902900929,0.898573808
1.250619999,1.666162983,,0.889125816,0.898138605
1.205565504,1.632712336,,0.870466504,0.885494864
1.17751933,1.587468374,,0.858851185,0.868393461
1.185580305,1.559232733,,0.862189637,0.857720898
1.221197267,1.567104241,,0.876940396,0.860696186
1.25577907,1.602531736,,0.891262444,0.874087141
1.25982109,1.636924072,,0.892936446,0.887086824
1.224596277,1.640776624,,0.878348096,0.888543019
1.156098746,1.605362345,,0.849979853,0.87515706
1.067738858,1.536675347,,0.813385619,0.849194613
0.975748124,1.448125993,,0.77528767,0.815724553
0.901924287,1.355945791,,0.744713539,0.780882098
0.864502287,1.281932487,,0.729215224,0.752906403
0.867685039,1.24432102,,0.73053336,0.738689947
0.90370626,1.247314305,,0.745451543,0.739821355
0.951095775,1.283146059,,0.765077904,0.753365112
0.980957369,1.330346108,,0.777445078,0.771205879
0.972841032,1.360018234,,0.774083698,0.782421408
0.919189816,1.35171243,,0.751864055,0.779281964
0.810357426,1.297871747,,0.706791138,0.758931156
0.670629441,1.188849891,,0.648922813,0.71772286
0.515989398,1.048932438,,0.584878663,0.664836585
0.377436131,0.894102929,,0.527496848,0.606313821
0.282703234,0.755360195,,0.488263233,0.553871568
0.248082215,0.660437831,,0.473924943,0.517992625
0.272913915,0.625627345,,0.484208988,0.504834889
0.334878696,0.650269578,,0.509871693,0.514149209
0.406181825,0.712044893,,0.539401873,0.537499164
0.463708974,0.783158555,,0.563226733,0.564378847
0.49228397,0.840496237,,0.575061063,0.586051457
0.493012329,0.868881766,,0.575362713,0.596780675
0.475564569,0.869420658,,0.568136726,0.596984367
0.452287048,0.851783431,,0.558496344,0.590317813
0.439996052,0.828316443,,0.55340603,0.581447715
0.454316998,0.81583598,,0.559337047,0.576730324
0.498275782,0.829967458,,0.577542571,0.582071769
0.561867404,0.873736776,,0.603879032,0.598615782
0.630144058,0.937138931,,0.632155798,0.622580654
0.68431545,1.005226119,,0.654590872,0.648316383
0.707308663,1.059208043,,0.664113508,0.668720578
0.693925414,1.082011789,,0.658570837,0.677339983
0.653630919,1.068439073,,0.641882878,0.672209741
0.603284138,1.027955112,,0.621031767,0.656907533
0.56167133,0.977418864,,0.603797828,0.637805742
0.54752166,0.935616588,,0.597937745,0.622005236
0.574435789,0.921277452,,0.609084227,0.6165853
0.639073529,0.948002114,,0.635853937,0.626686741
0.713062298,1.012450387,,0.666496375,0.651047026
0.767026081,1.086249689,,0.688845467,0.678941833
0.775573206,1.140024005,,0.692385258,0.699267555
0.713502891,1.148381663,,0.666678846,0.702426599
0.606483037,1.086121881,,0.62235659,0.678893524
0.482958307,0.978912561,,0.571198842,0.638370333
0.370160021,0.855198363,,0.524483448,0.591608596
0.290408385,0.74221061,,0.49145432,0.548901262
0.253449466,0.662269507,,0.476147789,0.518684966
0.252547523,0.625121122,,0.47577425,0.504643546
0.269432434,0.624029711,,0.482767133,0.504231012
0.27729964,0.640725155,,0.486025335,0.510541589
0.249337665,0.648402895,,0.474444888,0.513443636
0.179829777,0.620251453,,0.445658206,0.502802899
0.087091079,0.550554098,,0.407250488,0.476458554
-0.003669571,0.457625933,,0.369661979,0.441333383
-0.065313713,0.366675816,,0.344132067,0.406955878
-0.077014756,0.304842207,,0.339286082,0.383583889
-0.041149241,0.292951697,,0.354139779,0.37908949
0.023570965,0.328627745,,0.380943643,0.392574393
0.090001057,0.393158484,,0.408455655,0.416965849
0.130649063,0.459399109,,0.425290021,0.442003612
0.135008263,0.499857648,,0.427095383,0.45729621
0.107707751,0.504027381,,0.41578888,0.458872294
0.066074757,0.476537402,,0.398546582,0.448481578
0.038781743,0.434714942,,0.387243184,0.432673442
0.047658734,0.407232461,,0.390919589,0.422285559
0.101239595,0.415919985,,0.413110094,0.425569286
0.210606,0.469311379,,0.458404174,0.445750271
0.350861661,0.578488317,,0.516491035,0.487017186
0.496961502,0.718554511,,0.576998263,0.539959683
0.605052844,0.864464886,,0.621764276,0.595111174
0.667919571,0.97236676,,0.647800521,0.635896138
0.682798176,1.03504402,,0.653962493,0.659587013
0.655815998,1.049733159,,0.642787828,0.665139242
0.598268662,1.022561513,,0.618954608,0.65486885
0.531184605,0.964824711,,0.591171755,0.633045379
0.48843341,0.897551186,,0.573466355,0.6076172
0.498523757,0.854610525,,0.57764527,0.591386404
0.564002891,0.864511405,,0.604763444,0.595128758
0.668008962,0.929801071,,0.647837542,0.619807075
0.777547798,1.033617675,,0.693203035,0.65904788
0.858541626,1.142967045,,0.726746617,0.700379971
0.903809496,1.223771406,,0.745494298,0.730922563
0.923534032,1.268849809,,0.753663212,0.747961387
0.936265043,1.288384878,,0.758935758,0.755345291
0.965248914,1.300926422,,0.770939424,0.760085768
1.011087132,1.329720826,,0.789923315,0.770969534
1.053603613,1.375369577,,0.80753151,0.788223939
1.071296468,1.417696592,,0.814859003,0.804222788
1.051086362,1.43519998,,0.80648899,0.810838753
0.998220598,1.414800406,,0.784594642,0.803128082
0.931761092,1.361745175,,0.757070448,0.783074161
0.875074181,1.295096203,,0.733593572,0.757882051
0.845617422,1.238219824,,0.72139406,0.736383805
0.851481203,1.208573599,,0.723822544,0.725178066
0.907244257,1.214247913,,0.746916804,0.727322854
0.99596919,1.2698215,,0.783662222,0.748328668
1.100037546,1.358356966,,0.826762116,0.781793479
1.191124028,1.462235856,,0.864485569,0.821057827
1.276692738,1.55313287,,0.899923837,0.85541526
1.347469343,1.638512113,,0.929235957,0.887687075
1.389278803,1.709099252,,0.946551339,0.914367741
1.386389009,1.750719245,,0.945354531,0.930099348
1.332539987,1.747639984,,0.923052967,0.928935443
1.247491451,1.693601494,,0.887830128,0.908509868
1.167138326,1.608363491,,0.854551894,0.876291439
1.127791331,1.5278209,,0.838256341,0.845847791
1.144039581,1.488284437,,0.844985552,0.830903721
1.206827872,1.50434322,,0.870989313,0.836973652
1.289077151,1.566942044,,0.90505284,0.860634879
1.351520588,1.649001857,,0.93091378,0.891652009
1.361845071,1.711255827,,0.935189663,0.915182888
1.317817661,1.721390843,,0.916955718,0.919013741
1.234756405,1.677173967,,0.882555911,0.902300559
1.131761853,1.593923243,,0.839900733,0.870833286
1.022301448,1.490739224,,0.794567722,0.831831587
0.914706636,1.381089352,,0.750007347,0.790385911
0.806803294,1.273305074,,0.705319194,0.749645397
0.6930304,1.165212264,,0.658200167,0.708788263
0.574830257,1.051249903,,0.609247596,0.665712544
0.458556837,0.932860294,,0.561092977,0.620963406
0.344182455,0.816397407,,0.513724843,0.576942534
0.232425665,0.701833558,,0.467440785,0.533639464
0.135496159,0.589887301,,0.427297445,0.491325796
0.038372889,0.492768328,,0.387073857,0.454616575
-0.049864168,0.395455591,,0.350530494,0.417834115
-0.116254469,0.307029068,,0.32303496,0.384410482
-0.159006819,0.2404493,,0.305329081,0.35924453
-0.187452061,0.197507482,,0.293548488,0.343013297
-0.223496926,0.168872774,,0.278620512,0.332189893
-0.285921907,0.132638441,,0.252767216,0.318493969
-0.386216397,0.070023993,,0.211230268,0.294826836
-0.517867844,-0.030459964,,0.156706841,0.256845711
-0.660209391,-0.162300877,,0.097756111,0.207012222
-0.787103137,-0.304831891,,0.045203085,0.153138068
-0.872558819,-0.431915104,,0.009811627,0.105102904
-0.896249826,-0.517560253,,0,0.072730582
-0.852799106,-0.541440727,,0.017995109,0.063704193
-0.751318942,-0.498179474,,0.060023104,0.080056167
-0.615139333,-0.396888777,,0.116421868,0.118342224
-0.470350312,-0.260898635,,0.17638622,0.169744047
-0.336883448,-0.116299081,,0.231661501,0.224400072
-0.231315125,0.016978316,,0.275382607,0.274776526
-0.159517777,0.122357172,,0.305117468,0.314607834
-0.116571083,0.193965053,,0.322903834,0.341674323
-0.088481658,0.23672228,,0.334537066,0.357835784
-0.049640999,0.264622239,,0.350622919,0.368381466
0.023468892,0.303273431,,0.380901369,0.382990919
0.13631447,0.376193855,,0.427636348,0.410553526
0.275554572,0.488849965,,0.485302616,0.453135505
0.418988372,0.627900601,,0.544705702,0.505694139
0.545551101,0.771144934,,0.597121638,0.559837915
0.652970024,0.897518196,,0.641609169,0.60760473
0.75143468,1.004747652,,0.682388291,0.648135532
0.860671908,1.103022841,,0.727628873,0.685281782
0.988536225,1.212070602,,0.780583861,0.72649987
1.1323022,1.339745453,,0.840124517,0.774758662
1.276354788,1.48332196,,0.899783875,0.829027994
1.394917096,1.627185082,,0.948886437,0.883405661
1.471772017,1.745557922,,0.980715891,0.928148461
1.50822345,1.822223377,,0.995812247,0.957126622
1.518335136,1.858485343,,1,0.970832991
1.512885413,1.868407562,,0.997742998,0.974583411
1.499772056,1.862768372,,0.992312103,0.972451899
1.487815539,1.849465548,,0.987360314,0.967423671
1.475883819,1.837319564,,0.982418794,0.962832708
1.453331196,1.825198378,,0.973078628,0.958251118
1.416502609,1.802456287,,0.957826074,0.949655018
1.368897989,1.765438233,,0.938110628,0.935662861
1.314289467,1.717644147,,0.915494517,0.917597557
1.263164152,1.662846157,,0.894320975,0.896884905
1.219094065,1.611531375,,0.876069355,0.877488842
1.174670473,1.567271822,,0.857671331,0.860759529
1.12785534,1.522658763,,0.838282851,0.843896597
1.07804546,1.475654163,,0.817654097,0.826129705
1.023689531,1.425654816,,0.795142597,0.807230853
0.963109383,1.37110942,,0.770053338,0.786613677
0.891688039,1.310339805,,0.740474198,0.763643857
0.809905299,1.238728993,,0.706603889,0.736576261
0.722002725,1.156756787,,0.670199051,0.705592245
0.636844621,1.068664746,,0.634930835,0.672295041
0.557154112,0.983317175,,0.601927023,0.640035198
0.484767385,0.9034372,,0.571948071,0.609842007
0.408722713,0.830861005,,0.540454182,0.582409513
0.33460188,0.754626867,,0.509757049,0.553594383
0.263953875,0.680316566,,0.480498189,0.525506429
0.202831059,0.609479094,,0.455184184,0.498731141
0.164772393,0.548166812,,0.439422193,0.475556203
0.153510788,0.509918679,,0.434758201,0.461099099
0.161287455,0.498467607,,0.437978906,0.4567708
0.184747211,0.506054807,,0.447694761,0.459638625
0.219914357,0.529325096,,0.462259229,0.468434374
0.267685065,0.564302775,,0.48204346,0.481655307
0.325984979,0.611884016,,0.506188361,0.499640158
0.387420937,0.669994463,,0.531632054,0.52160486
0.433965025,0.731240955,,0.550908281,0.54475493
0.453868332,0.777595575,,0.559151233,0.562276141
0.449995856,0.797309415,,0.557547447,0.569727617
0.433333549,0.793247473,,0.550646756,0.568192276
0.418562787,0.776395699,,0.544529446,0.561822609
0.421395488,0.761435469,,0.545702609,0.556167912
0.453456578,0.764078703,,0.558980705,0.557167007
0.516384432,0.795950326,,0.585042266,0.569213906
0.599163689,0.858688713,,0.619325283,0.592927885
0.677186407,0.941278504,,0.65163838,0.624145338
0.72575064,1.019111755,,0.67175125,0.653564904
0.732077507,1.067486521,,0.674371521,0.671849693
0.699872246,1.073623921,,0.661033717,0.67416952
0.665345805,1.041229193,,0.646734597,0.661924897
0.64630811,1.006513286,,0.638850138,0.648802909
0.644529021,0.987286123,,0.638113329,0.641535389
0.65606571,0.985317568,,0.642891246,0.64079131
0.662577694,0.996664789,,0.645588184,0.645080355
0.650177702,1.002987306,,0.640452729,0.647470153
0.615738342,0.990397847,,0.626189673,0.642711564
0.557151811,0.955769021,,0.60192607,0.629622492
0.480152714,0.896993023,,0.570036906,0.607406224
0.394484813,0.819804459,,0.534557557,0.578230338
0.311312828,0.733947091,,0.500111892,0.545777801
0.238714456,0.650585639,,0.470045287,0.514268674
0.178777316,0.577797799,,0.44522233,0.486756183
0.12534928,0.517671193,,0.423095116,0.464029409
0.064657256,0.46405369,,0.397959524,0.443762959
-0.010243262,0.403172199,,0.366939486,0.420750853
-0.095161463,0.328082214,,0.331770625,0.392368192
-0.173858334,0.242974546,,0.299178328,0.360199028
-0.226292157,0.164088209,,0.277462868,0.330381414
-0.23950413,0.111464918,,0.271991132,0.310490759
-0.215517852,0.098063479,,0.281925045,0.305425256
-0.17749263,0.121860289,,0.297673185,0.314420022
-0.150833976,0.159696044,,0.308713862,0.328721255
-0.14455382,0.186165232,,0.311314788,0.338726131
-0.144744127,0.192255921,,0.311235972,0.341028302
-0.126946892,0.191876147,,0.318606695,0.340884754
-0.064438292,0.209483915,,0.344494622,0.347540173
0.058920923,0.271803048,,0.395583822,0.371095682
0.213307219,0.394972796,,0.459522884,0.417651627
0.354649361,0.549169625,,0.518059711,0.475935249
0.414678769,0.6903223,,0.542920881,0.529288416
0.41691575,0.750162241,,0.543847326,0.551906835
0.387990126,0.752209755,,0.531867784,0.552680758
0.357629122,0.723094665,,0.519293778,0.541675779
0.346244683,0.692544194,,0.514578914,0.530128252
0.358475705,0.680970287,,0.51964439,0.525753524
0.37980459,0.693011842,,0.528477745,0.530305014
0.394193587,0.714151261,,0.534436946,0.538295334
0.393971562,0.728350791,,0.534344994,0.5436625
0.386411731,0.727939299,,0.531214091,0.543506963
0.38310095,0.720190001,,0.529842932,0.540577868
0.394014809,0.716689753,,0.534362905,0.539254838
0.41132359,0.727414145,,0.541531334,0.543308465
0.415204138,0.744533459,,0.543138463,0.549779257
0.386186243,0.74822454,,0.531120706,0.551174419
0.318242336,0.719017178,,0.502981747,0.540134563
0.231320133,0.650883804,,0.466982929,0.514381375
0.156484205,0.563772134,,0.435989641,0.481454734
0.112730723,0.48874674,,0.417869143,0.453096487
0.093862575,0.444803791,,0.410054902,0.436486845
0.07302849,0.425746176,,0.401426469,0.42928341
0.015246442,0.404722623,,0.377496043,0.421336886
-0.092718607,0.346751109,,0.332782334,0.399424698
-0.223747223,0.238596593,,0.278516852,0.35854424
-0.330577917,0.10737851,,0.234272936,0.30894617
-0.342325671,0.000358349,,0.229407606,0.268494478
-0.284672224,-0.011578872,,0.253284772,0.263982424
-0.194078237,0.045885109,,0.290804258,0.285702773
-0.133130739,0.136289628,,0.316045655,0.319874052
-0.135311783,0.197047659,,0.315142377,0.342839492
-0.213237616,0.194677149,,0.282869404,0.341943482
-0.337450331,0.116561848,,0.231426727,0.312417307
-0.456817696,-0.007840333,,0.181990751,0.265395524
-0.519310724,-0.127397166,,0.156109273,0.220205196
-0.497491076,-0.19007966,,0.165145876,0.196512343
-0.399952009,-0.168449479,,0.205541666,0.204688162
-0.267514532,-0.071099879,,0.260390628,0.241484556
-0.146349621,0.061148131,,0.310571057,0.29147192
-0.073408119,0.182123575,,0.34077977,0.337198457
-0.058082577,0.25487561,,0.34712684,0.364697416
-0.084491526,0.270011685,,0.336189578,0.370418579
-0.131992918,0.243413269,,0.316516884,0.360364857
-0.181587694,0.195722411,,0.295977215,0.342338572
-0.217111811,0.145938167,,0.281264907,0.323521026
-0.228279417,0.110224583,,0.276639845,0.310021935
-0.212005798,0.09886751,,0.283379562,0.305729166
-0.169172134,0.114951663,,0.301119117,0.311808685
-0.11079033,0.157595859,,0.325297932,0.327927423
-0.051525611,0.215788197,,0.349842407,0.349923078
-0.006535704,0.274863449,,0.36847497,0.372252458
0.012858387,0.319663889,,0.37650703,0.389186217
0.001175795,0.338868513,,0.371668686,0.396445219
-0.030970067,0.326996454,,0.358355482,0.391957795
-0.047317504,0.294661125,,0.351585194,0.379735623
-0.036379422,0.278124222,,0.356115199,0.373484972
0.011572365,0.288872836,,0.375974424,0.377547754
0.101582738,0.336635156,,0.413252207,0.39560105
0.210605436,0.426456063,,0.458403941,0.429551734
0.302559257,0.535289293,,0.496486602,0.470688734
0.352380096,0.627053648,,0.517119895,0.505374006
0.352422773,0.67668502,,0.51713757,0.52413377
0.318071644,0.67653823,,0.502911055,0.524078286
0.277669308,0.641997633,,0.486178433,0.511022563
0.261275737,0.60140583,,0.479389038,0.495679593
0.294199556,0.584822793,,0.493024433,0.489411504
0.384653409,0.617557145,,0.530485883,0.501784499
0.521011799,0.707821531,,0.586958689,0.53590281
0.672658241,0.843990454,,0.649763041,0.587372208
0.805104368,0.99544743,,0.704615584,0.644620215
0.891878362,1.12770409,,0.740553021,0.694610849
0.924567467,1.214288617,,0.754091209,0.72733824
0.918056635,1.246788254,,0.751394749,0.739622517
0.892036375,1.240087955,,0.740618462,0.737089924
0.853654183,1.213878228,,0.724722483,0.72718312
0.801852411,1.17530657,,0.703268787,0.712603728
0.73442695,1.123315331,,0.675344542,0.692951977
0.655410017,1.055700403,,0.642619691,0.667394753
0.577057432,0.976494003,,0.61016998,0.637456161
0.524499044,0.897951951,,0.588402931,0.607768681
0.521803595,0.845204096,,0.587286612,0.587830943
0.57952509,0.842319181,,0.61119196,0.586740497
0.675603979,0.899851208,,0.650983018,0.608486566
0.781516012,0.99574063,,0.69484647,0.64473104
0.873015407,1.101463196,,0.732740931,0.684692264
0.919178299,1.192773125,,0.751859286,0.719205771
0.924245099,1.238746549,,0.7539577,0.736582897
0.905752951,1.243623882,,0.74629918,0.738426441
0.882531368,1.224942268,,0.736681965,0.731365128
0.866986107,1.201531217,,0.730243897,0.722516172
0.856410762,1.185796489,,0.72586412,0.716568729
0.837441689,1.175031678,,0.718008081,0.712499824
0.798765384,1.155873138,,0.701990295,0.705258241
0.742431983,1.117007366,,0.678659825,0.69056768
0.680184045,1.060484498,,0.652879851,0.669203055
0.629166571,0.998047093,,0.631750972,0.645602841
0.603210325,0.946840153,,0.621001197,0.626247541
0.599882821,0.920694439,,0.619623112,0.616364932
0.608793837,0.917177469,,0.623313608,0.615035581
0.623968286,0.925899018,,0.629598103,0.618332169
0.645725653,0.940883999,,0.638608913,0.623996222
0.677572214,0.962451899,,0.651798162,0.632148499
0.720142329,0.994108994,,0.669428569,0.644114311
0.766929779,1.036489642,,0.688805584,0.660133432
0.802856998,1.083087624,,0.703684836,0.677746629
0.814483648,1.118825377,,0.708500012,0.691254855
0.790429901,1.13026256,,0.698538156,0.695577905
0.732409679,1.106019346,,0.67450909,0.686414407
0.659082948,1.047809657,,0.644140835,0.664412193
0.589763633,0.97429346,,0.615432251,0.636624396
0.55224014,0.904784678,,0.599891902,0.610351329
0.544235679,0.867071717,,0.596576856,0.59609651
0.547974939,0.85887779,,0.59812547,0.592999353
0.532972343,0.862427582,,0.591912147,0.59434111
0.493694553,0.84723552,,0.575645256,0.588598785
0.432079823,0.807768263,,0.550127525,0.573680873
0.35981132,0.745964065,,0.520197535,0.55032
0.29905759,0.673506096,,0.495036387,0.522932194
0.269755387,0.612562898,,0.482900884,0.499896764
0.271654428,0.583071229,,0.483687372,0.488749444
0.288189289,0.584780803,,0.490535282,0.489395632
0.301690182,0.601126197,,0.496126675,0.495573896
0.297190845,0.614437623,,0.494263275,0.500605376
0.275628401,0.609748819,,0.485333192,0.498833092
0.251090235,0.587996908,,0.475170714,0.490611262
0.235670116,0.563269275,,0.468784474,0.481264662
0.235530557,0.547659689,,0.468726676,0.47536452
0.253474847,0.547330663,,0.476158301,0.475240154
0.290779202,0.565085487,,0.491607894,0.481951158
0.345900402,0.602200375,,0.514436331,0.495979916
0.412412387,0.657132108,,0.541982259,0.516743121
0.479100839,0.723454626,,0.569601272,0.541811838
0.533801054,0.789953611,,0.592255358,0.566947256
0.570486621,0.844464359,,0.60744868,0.587551336
0.589306325,0.880960459,,0.615242857,0.601346204
0.590197887,0.899590696,,0.615612097,0.608388098
0.571590978,0.900292791,,0.607906049,0.608653477
0.53234606,0.881496415,,0.591652772,0.601548786
0.489121979,0.84206203,,0.573751525,0.586643299
0.445586485,0.798648482,,0.555721307,0.57023376
0.406676043,0.754923521,,0.539606553,0.553706513
0.39196756,0.715823613,,0.533515037,0.538927452
0.398446674,0.700925662,,0.536198361,0.533296296
0.420396655,0.707215309,,0.545288943,0.535673669
0.45311921,0.728975824,,0.558840984,0.543898751
0.482546557,0.761508911,,0.571028315,0.556195672
0.496478236,0.790746792,,0.576798118,0.567247064
0.495174917,0.804489004,,0.576258348,0.572441372
0.480619833,0.802996217,,0.570230363,0.571877126
0.45761624,0.788251667,,0.560703428,0.566303952
0.438873232,0.765058607,,0.552941014,0.557537393
0.435342159,0.746126133,,0.551478621,0.550381259
0.449243852,0.742405592,,0.557236005,0.548974962
0.472019652,0.756117818,,0.566668599,0.554157936
0.484933473,0.778704151,,0.572016856,0.562695163
0.474441169,0.791428505,,0.56767147,0.567504739
0.442927357,0.780746735,,0.554620029,0.563467222
0.401853179,0.749043455,,0.537609165,0.551483954
0.359855717,0.70777981,,0.520215922,0.53588704
0.319317862,0.665592882,,0.503427176,0.519941142
0.281704976,0.624865559,,0.487849805,0.504546948
0.252001397,0.587063207,,0.475548072,0.49025834
0.241009106,0.557170161,,0.470995616,0.478959307
0.254405618,0.545988403,,0.47654378,0.474732804
0.28396272,0.559195448,,0.488784849,0.479724829
0.314526723,0.588563083,,0.501442926,0.490825266
0.316906147,0.618937619,,0.502428364,0.502306293
0.28938361,0.621127577,,0.49102991,0.503134058
0.24088858,0.593415573,,0.4709457,0.492659419
0.20973174,0.544731075,,0.4580421,0.474257557
0.211556963,0.513384768,,0.458798015,0.462409218
0.253954648,0.515020524,,0.47635701,0.463027504
0.322537522,0.557228742,,0.504760597,0.47898145
0.400470275,0.62562215,,0.537036436,0.504832925
0.471737071,0.703365436,,0.566551568,0.534218486
0.515936336,0.774442765,,0.584856687,0.561084435
0.521723421,0.818452563,,0.587253408,0.577719346
0.493435616,0.824050181,,0.575538018,0.579835145
0.44619143,0.79557291,,0.555971845,0.569071249
0.394814682,0.748139257,,0.534694172,0.551142183
0.348137381,0.696573042,,0.515362775,0.531651083
0.303370077,0.649706273,,0.496822403,0.51393629
0.248198704,0.604749503,,0.473973187,0.496943441
0.174058842,0.549388663,,0.443268174,0.476018041
0.088669483,0.475059334,,0.407904184,0.447922894
0.013572889,0.389480508,,0.376802941,0.415575641
-0.026928636,0.314194447,,0.360029241,0.387118867
-0.023513477,0.273503455,,0.361443628,0.371738405
0.011119074,0.276729147,,0.375786694,0.372957659
0.058465911,0.311172231,,0.395395379,0.385976523
0.101063131,0.358329601,,0.413037012,0.403801159
0.131737281,0.400737354,,0.425740706,0.419830526
0.150829761,0.431222037,,0.433647854,0.431353186
0.159730397,0.45012505,,0.437334051,0.438498185
0.141670191,0.458836219,,0.429854419,0.44179085
0.110357644,0.440586546,,0.416886333,0.434892802
0.072806465,0.409084533,,0.401334518,0.422985609
0.034402363,0.371343887,,0.385429464,0.408720325
-0.009290565,0.332750317,,0.367334045,0.394132651
-0.062308,0.288867923,,0.345376882,0.377545897
-0.114147833,0.235661021,,0.323907423,0.357434647
-0.149359957,0.183631721,,0.309324327,0.337768509
-0.160156174,0.148230129,,0.304853076,0.324387346
-0.145253347,0.137244446,,0.311025079,0.320234956
-0.112621334,0.151957806,,0.324539622,0.325796341
-0.075807164,0.184400352,,0.339786206,0.338059038
-0.044688386,0.221025055,,0.352674043,0.351902516
-0.017063196,0.251954367,,0.364115011,0.363593238
0.011439137,0.279390089,,0.375919248,0.373963447
0.037748317,0.307702955,,0.386815191,0.3846652
0.052012748,0.333822669,,0.392722803,0.394537981
0.044571714,0.347897633,,0.3896411,0.399858063
0.017663351,0.340267132,,0.378497005,0.396973871
-0.012614613,0.313169302,,0.365957391,0.38673138
-0.02622969,0.282701871,,0.360318709,0.37521524
-0.013945613,0.268897327,,0.365406157,0.369997372
0.012949486,0.280991937,,0.376544759,0.374568916
0.033153826,0.307697569,,0.384912383,0.384663164
0.028585863,0.327712442,,0.383020562,0.392228425
-0.004750289,0.322955012,,0.3692144,0.390430202
-0.054253949,0.289429393,,0.348712466,0.377758123
-0.098155065,0.239736266,,0.330530826,0.358975016
-0.112067714,0.195645683,,0.324768904,0.342309571
-0.081194606,0.181543567,,0.337554997,0.336979225
-0.015339475,0.212227208,,0.36482889,0.348577088
0.042897579,0.277892872,,0.388947757,0.373397526
0.06850839,0.33594046,,0.39955447,0.395338468
0.055257781,0.361361803,,0.394066733,0.404947277
0.008350956,0.347921727,,0.374640278,0.399867171
-0.051995056,0.300825436,,0.349647987,0.382065622
-0.101691906,0.240289957,,0.329066043,0.359184302
-0.1258212,0.19040364,,0.3190729,0.340328173
-0.119150625,0.166084879,,0.321835518,0.33113612
-0.082157105,0.172565987,,0.337156378,0.333585862
-0.023721089,0.20937004,,0.361357646,0.34749713
0.039243098,0.267616589,,0.387434254,0.369513276
0.088790586,0.330391309,,0.407954339,0.393240989
0.111980451,0.37974933,,0.417558418,0.411897431
0.10678159,0.402749729,,0.41540531,0.420591167
0.081087736,0.3973614,,0.404764205,0.418554476
0.049665043,0.371478079,,0.391750501,0.408771047
0.028126819,0.33986592,,0.382830449,0.396822221
0.018478792,0.318138228,,0.37883472,0.388609545
0.0176795,0.308300735,,0.378503693,0.38489115
0.020291907,0.307311976,,0.379585621,0.384517417
0.019677734,0.309734916,,0.379331261,0.385433244
0.010605821,0.308931276,,0.37557413,0.385129483
-0.007845381,0.299669896,,0.367932568,0.381628848
-0.031500636,0.281029227,,0.358135747,0.374583011
-0.050378586,0.257184505,,0.350317447,0.365570136
-0.038011461,0.238117089,,0.35543929,0.358362996
0.010841117,0.250294746,,0.375671578,0.362965932
0.087582429,0.298957858,,0.407453981,0.381359711
0.172919307,0.375509702,,0.442796236,0.410294928
0.250773635,0.460657114,,0.475039594,0.442479115
0.306843489,0.538321975,,0.498260916,0.471835033
0.337338865,0.594202361,,0.510890571,0.492956811
0.339241942,0.62450827,,0.511678731,0.504411899
0.313273584,0.626221881,,0.500923939,0.505059613
0.270220781,0.600064056,,0.483093627,0.495172426
0.226530733,0.556821786,,0.4649994,0.478827628
0.197894608,0.512942272,,0.453139753,0.462241962
0.192119056,0.484116679,,0.450747809,0.451346408
0.202483331,0.47815166,,0.455040172,0.449091738
0.21636311,0.488326469,,0.460788481,0.452937632
0.228105675,0.502016781,,0.465651662,0.458112324
0.24508747,0.513569879,,0.47268467,0.462479186
0.283691109,0.530362207,,0.488672361,0.468826384
0.351659236,0.568776379,,0.516821351,0.483346248
0.436712961,0.636555039,,0.552046338,0.50896536
0.505560539,0.721419297,,0.580559552,0.54104252
0.523398142,0.790077408,,0.587946993,0.566994048
0.474800463,0.807725544,,0.567820271,0.573664726
0.370211933,0.758938398,,0.524504947,0.555224064
0.241705182,0.654160401,,0.471283896,0.51561987
0.12383836,0.525464183,,0.422469369,0.466975019
0.032147505,0.407407895,,0.384495616,0.42235187
-0.035525931,0.315527573,,0.356468672,0.387622764
-0.081112711,0.247664669,,0.337588914,0.36197181
-0.111051005,0.201888423,,0.325189974,0.344669214
-0.117094719,0.171760661,,0.322686971,0.333281463
-0.063910045,0.165527481,,0.344713396,0.330925433
0.047278703,0.218522688,,0.390762199,0.350956666
0.203199573,0.329521969,,0.455336804,0.392912394
0.365807169,0.485253372,,0.522680715,0.451776057
0.494192818,0.647671501,,0.575851613,0.513167183
0.559685789,0.775867683,,0.602975517,0.561623029
0.562469473,0.841171187,,0.604128379,0.586306576
0.53277512,0.843765404,,0.591830467,0.587287143
0.503630352,0.813881584,,0.579760166,0.575991598
0.498580276,0.784547349,,0.577668678,0.564903786
0.521900474,0.779307806,,0.587326734,0.562923333
0.55764373,0.802438537,,0.602129798,0.571666333
0.585582062,0.837992326,,0.613700454,0.585105024
0.59752474,0.865741192,,0.618646512,0.595593595
0.602919098,0.877494402,,0.620880585,0.600036097
0.621124054,0.882699294,,0.628420165,0.602003452
0.667641612,0.900714782,,0.647685404,0.608812982
0.740417029,0.947042874,,0.677825332,0.626324165
0.825472481,1.019628824,,0.713051035,0.653760346
0.907431688,1.104494809,,0.746994429,0.685838159
0.973626492,1.186264549,,0.774408997,0.716745647
1.015770432,1.252269886,,0.791862903,0.741694475
1.03284392,1.294224359,,0.798933886,0.757552509
1.032142665,1.311108381,,0.798643461,0.763934365
1.016192568,1.310217658,,0.792037731,0.763597688
0.960031019,1.294078094,,0.768778433,0.757497224
0.866565113,1.237727078,,0.730069543,0.736197556
0.743315471,1.144071706,,0.679025722,0.700797513
0.600727096,1.020632596,,0.619972768,0.654139754
0.472322417,0.877854755,,0.566793989,0.600172304
0.384011546,0.749260609,,0.530220055,0.551566034
0.345798324,0.66076027,,0.514394055,0.518114501
0.344307578,0.622357582,,0.513776663,0.503598977
0.361650381,0.620677369,,0.520959182,0.502963887
0.377541079,0.637830706,,0.527540312,0.509447539
0.370413763,0.653531936,,0.524588535,0.515382321
0.335000951,0.646215153,,0.509922325,0.512616709
0.279210789,0.610612874,,0.486816837,0.499159689
0.211808971,0.554633245,,0.458902385,0.478000399
0.147147588,0.487041961,,0.432122882,0.452452111
0.105418864,0.42219111,,0.414840938,0.427939659
0.093780103,0.38027292,,0.410020747,0.412095338
0.107930927,0.368444692,,0.415881308,0.407624481
0.132482358,0.382406049,,0.42604928,0.412901623
0.145087651,0.406768013,,0.43126976,0.422110006
0.12925347,0.419183839,,0.424712036,0.426802964
0.088084713,0.403160191,,0.407662002,0.420746314
0.035409259,0.361801967,,0.38584647,0.405113651
-0.016729299,0.308937046,,0.364253294,0.385131664
-0.062247453,0.256609021,,0.345401958,0.365352614
-0.100165408,0.210901401,,0.329698242,0.348075957
-0.13261288,0.172793979,,0.316260126,0.333672038
-0.164830252,0.140157039,,0.302917307,0.321335863
-0.183866795,0.107750201,,0.295033325,0.309086662
-0.192833751,0.08852419,,0.291319662,0.301819577
-0.193650345,0.079367767,,0.29098147,0.298358614
-0.18926577,0.078361707,,0.292797341,0.297978342
-0.186388661,0.082556815,,0.293988895,0.299564017
-0.191888554,0.085244457,,0.291711115,0.300579897
-0.204853126,0.079555097,,0.28634184,0.298429421
-0.21192104,0.066401058,,0.283414664,0.293457432
-0.200928169,0.059143677,,0.28796736,0.290714273
-0.175271221,0.069947081,,0.298593181,0.294797765
-0.147046853,0.095414562,,0.310282299,0.304424013
-0.131089259,0.123449464,,0.316891134,0.315020701
-0.141824346,0.13921759,,0.312445199,0.320980769
-0.185795243,0.128293036,,0.294234659,0.316851484
-0.256267936,0.084132672,,0.265048404,0.300159663
-0.331455069,0.013470512,,0.233909664,0.27345064
-0.385350224,-0.061906087,,0.211588994,0.244959644
-0.391125776,-0.115990709,,0.20919705,0.224516631
-0.344804868,-0.121955728,,0.228380847,0.222261962
-0.266265434,-0.075824287,,0.260907941,0.239698815
-0.179143697,0.00252568,,0.296989396,0.26931369
-0.113144392,0.08945795,,0.324322998,0.302172521
-0.08576718,0.155267788,,0.335661266,0.327047454
-0.0834708,0.182455533,,0.336612312,0.337323932
-0.079316901,0.184562447,,0.338332649,0.338120307
-0.049024519,0.188526879,,0.350878234,0.339618791
0.014434467,0.218629793,,0.377159764,0.35099715
0.09845188,0.281899313,,0.411955562,0.374911888
0.180370143,0.365727258,,0.445881999,0.406597341
0.247322141,0.447456055,,0.473610159,0.437489353
0.293896792,0.514218585,,0.492899043,0.462724386
0.319532976,0.560603769,,0.503516265,0.480257149
0.321399722,0.586050487,,0.504289378,0.48987555
0.296378864,0.587727766,,0.493926993,0.490509531
0.252515231,0.562517441,,0.475760876,0.480980482
0.210281329,0.518464341,,0.458269712,0.464329205
0.187995138,0.476040972,,0.449039889,0.448293936
0.186870592,0.453565315,,0.448574159,0.439798543
0.200222125,0.452251301,,0.454103694,0.439301869
0.212513702,0.465413368,,0.459194249,0.444276893
0.203550208,0.477515478,,0.455482019,0.448851273
0.161154255,0.468362516,,0.437923742,0.445391618
0.080310945,0.425777096,,0.404442497,0.429295097
-0.024121877,0.344744319,,0.361191659,0.398666168
-0.124014994,0.240122031,,0.31982094,0.359120828
-0.196607021,0.140039447,,0.289756963,0.321291416
-0.229934522,0.067257953,,0.275954383,0.293781323
-0.226274845,0.033740985,,0.277470038,0.281112513
-0.208215794,0.037211195,,0.284949191,0.28242419
-0.191919107,0.055080779,,0.291698462,0.289178571
-0.183607272,0.071188,,0.295140807,0.295266809
-0.183279136,0.079310368,,0.295276704,0.298336918
-0.185210472,0.079449036,,0.294476842,0.298389332
-0.191832605,0.077328233,,0.291734286,0.297587707
-0.215527075,0.070516633,,0.281921225,0.295013045
-0.267993193,0.046632697,,0.26019239,0.285985348
-0.342472148,-0.006022888,,0.229346942,0.266082485
-0.415444212,-0.080691311,,0.199125573,0.237859168
-0.462479061,-0.153852842,,0.179646097,0.210205428
-0.452040393,-0.201077157,,0.18396927,0.192355487
-0.408233855,-0.190827956,,0.202111741,0.196229501
-0.354311019,-0.147210885,,0.224443876,0.212715967
-0.308960105,-0.093477516,,0.24322595,0.233026213
-0.277382859,-0.048316069,,0.256303662,0.250096426
-0.252909282,-0.01692829,,0.26643939,0.26196044
-0.223585166,0.00735582,,0.278583968,0.271139396
-0.177214088,0.03649047,,0.297788543,0.282151769
-0.103160728,0.08267208,,0.328457731,0.299607585
-0.006800993,0.156535974,,0.368365101,0.327526805
0.09120577,0.252706241,,0.408954587,0.363877433
0.168778095,0.350523538,,0.441081154,0.400850608
0.218843452,0.427906395,,0.461815714,0.430099934
0.244453109,0.477782286,,0.472421949,0.448952121
0.255169167,0.503202476,,0.476860003,0.458560495
0.257140294,0.513729067,,0.477676345,0.462539356
0.254976552,0.515510726,,0.476780232,0.463212792
0.249688881,0.513157518,,0.474590344,0.462323321
0.236997084,0.50768038,,0.469334038,0.460253062
0.219059136,0.494799116,,0.461905039,0.455384176
0.205177627,0.476671701,,0.456156015,0.44853234
0.212158462,0.462600725,,0.459047126,0.443213765
0.239915134,0.469392094,,0.470542548,0.44578078
0.279631207,0.496959299,,0.486990954,0.456200686
0.326622228,0.536485905,,0.506452278,0.471141031
0.355784296,0.583287458,,0.518529744,0.488831175
0.382704767,0.61226006,,0.529678853,0.499782296
0.41241873,0.638991064,,0.541984886,0.509886134
0.44725197,0.668515559,,0.556411067,0.521045861
0.491251123,0.703159333,,0.57463331,0.534140583
0.543786445,0.746969019,,0.596390805,0.550699854
0.591283221,0.799314874,,0.616061588,0.570485644
0.610957006,0.846622183,,0.624209484,0.588366954
0.579823811,0.866106502,,0.611315675,0.595731676
0.492914874,0.834783839,,0.575322352,0.583892274
0.373766071,0.747685436,,0.525976894,0.550970647
0.261507561,0.628347166,,0.479485048,0.505862932
0.193206107,0.515899188,,0.451198011,0.463359623
0.185550546,0.447408268,,0.448027462,0.43747129
0.231496603,0.43956324,,0.467056015,0.434506011
0.303533852,0.48531983,,0.49689023,0.451801177
0.363472142,0.557167612,,0.521713664,0.478958344
0.390258822,0.616916435,,0.532807364,0.501542322
0.387162573,0.643513648,,0.531525053,0.511595589
0.369673867,0.640227932,,0.524282108,0.510353648
0.353691476,0.622549759,,0.517663003,0.503671617
0.338135259,0.606377901,,0.511220398,0.497558946
0.3156974,0.590632217,,0.501927762,0.491607361
0.275004412,0.568004892,,0.485074767,0.48305464
0.209780755,0.527122436,,0.458062399,0.467601809
0.13252388,0.461709312,,0.426066476,0.442876827
0.063318755,0.38426297,,0.397405184,0.413603506
0.021129254,0.314868379,,0.379932408,0.387373601
0.015737775,0.27248941,,0.377699528,0.371355115
0.03227033,0.266908465,,0.384546483,0.369245618
0.041245359,0.283251553,,0.38826349,0.37542301
0.039583338,0.292037115,,0.387575165,0.378743794
0.041662883,0.290185627,,0.388436408,0.378043965
0.065638776,0.292075705,,0.39836602,0.378758381
0.125612823,0.315862131,,0.423204263,0.387749221
0.213861989,0.375646711,,0.459752642,0.410346715
0.305341774,0.46370641,,0.497638981,0.443631694
0.375941912,0.554996728,,0.526878017,0.478137789
0.412220913,0.625407399,,0.54190296,0.504751753
0.415146462,0.661496933,,0.543114576,0.518392947
0.397507821,0.664233015,,0.535809536,0.519427136
0.377046858,0.646404908,,0.527335631,0.512688433
0.371643849,0.625754477,,0.525097976,0.504882943
0.394389086,0.620162002,,0.534517912,0.502769088
0.447366151,0.642717771,,0.556458355,0.511294762
0.519507784,0.69550537,,0.586335802,0.531247523
0.597542035,0.767457536,,0.618653675,0.558444145
0.669739603,0.84530232,,0.648554287,0.58786807
0.726465155,0.917310421,,0.672047166,0.615085834
0.768782679,0.973846506,,0.689572962,0.636455455
0.800548503,1.015974563,,0.702728774,0.652379102
0.827114313,1.047550921,,0.713731,0.664314396
0.851451217,1.073927263,,0.723810125,0.674284178
0.871380478,1.0980747,,0.732063825,0.683411474
0.885850788,1.117814495,,0.738056702,0.69087276
0.907945515,1.132095338,,0.74720723,0.696270662
0.932012526,1.154000598,,0.757174579,0.704550455
0.941287434,1.177878142,,0.761015781,0.713575736
0.919854744,1.186963582,,0.752139435,0.717009869
0.881155951,1.165341425,,0.736112336,0.708837083
0.821611538,1.126453166,,0.711452026,0.694138022
0.74820234,1.066719286,,0.681049618,0.671559692
0.673087871,0.993120621,,0.649940972,0.643740724
0.606727556,0.917816685,,0.622457858,0.615277193
0.562402,0.851266904,,0.604100435,0.590122575
0.546157212,0.80675188,,0.597372658,0.573296698
0.544852161,0.790317625,,0.596832172,0.567084846
0.533754334,0.788823107,,0.592236008,0.566519945
0.493723963,0.777535813,,0.575657436,0.562253552
0.421437005,0.737315976,,0.545719803,0.547051178
0.339727505,0.66483955,,0.511879826,0.519656396
0.280116775,0.582940584,,0.487192051,0.488700063
0.260110241,0.523140387,,0.478906348,0.466096666
0.283435051,0.502944386,,0.488566315,0.458462942
0.329598519,0.526079729,,0.507684908,0.467207684
0.369481256,0.57205373,,0.524202338,0.484585028
0.377112596,0.611747,,0.527362856,0.499588369
0.338582771,0.619188873,,0.511405735,0.502401263
0.260651168,0.580469581,,0.479130373,0.487766068
0.169113714,0.502348511,,0.44122015,0.458237712
0.090269213,0.41062159,,0.408566712,0.423566589
0.043790294,0.331587623,,0.389317475,0.393693174
0.036143383,0.284919236,,0.386150508,0.376053365
0.063928315,0.277082858,,0.397657633,0.373091355
0.096365983,0.304678323,,0.411091688,0.383521943
0.129572379,0.336926524,,0.424844112,0.395711182
0.169592946,0.369943454,,0.441418624,0.408190986
0.208935327,0.409774554,,0.457712265,0.423246424
0.245363691,0.448927468,,0.472799067,0.43804552
0.272787611,0.485166365,,0.484156679,0.45174317
0.286518028,0.512400818,,0.489843129,0.462037303
0.298378813,0.525941768,,0.494755272,0.467155537
0.330147521,0.537613086,,0.507912278,0.471567085
0.392784725,0.569192328,,0.533853466,0.483503469
0.482488881,0.631640064,,0.571004429,0.507107588
0.577612191,0.721154753,,0.610399733,0.540942527
0.653430225,0.816088596,,0.641799761,0.576825809
0.699642716,0.891717164,,0.660938657,0.605412044
0.722677453,0.937740188,,0.67047849,0.622807918
0.739383591,0.960585458,,0.677397334,0.631443018
0.763895231,0.977102129,,0.687548826,0.637686022
0.8032601,1.001424302,,0.703851781,0.646879365
0.859170211,1.040599704,,0.727006945,0.661686961
0.924687402,1.096320348,,0.75414088,0.68274836
0.983581886,1.161648072,,0.778532021,0.707441062
1.020509086,1.220353089,,0.793825416,0.729630501
1.024543033,1.257090822,,0.795496074,0.743516702
1.002832378,1.260935302,,0.78650461,0.744969846
0.975146638,1.239035181,,0.775038565,0.736691995
0.957747897,1.211159973,,0.767832879,0.726155669
0.953979227,1.193571765,,0.766272085,0.719507643
0.947775771,1.189613629,,0.763702924,0.718011539
0.931434102,1.183220706,,0.756935025,0.715595129
0.903500961,1.166689569,,0.745366518,0.709346658
0.874340049,1.138566961,,0.733289531,0.698716819
0.838915127,1.109216582,,0.718618305,0.687622904
0.795279867,1.073602194,,0.700546769,0.674161307
0.739305167,1.029777467,,0.677364855,0.657596351
0.679672519,0.9736133,,0.652668003,0.636367308
0.628988949,0.913791186,,0.63167741,0.613755627
0.599038548,0.862918149,,0.619273456,0.594526536
0.60000277,0.83277828,,0.619672788,0.583134209
0.62710144,0.833553035,,0.630895698,0.583427052
0.658849386,0.860462238,,0.644044106,0.593598246
0.66625409,0.892020718,,0.647110763,0.605526782
0.628237521,0.899235955,,0.631366206,0.608254012
0.544310073,0.861029919,,0.596607666,0.593812819
0.42672295,0.776913004,,0.547908977,0.562018141
0.301964111,0.659136414,,0.496240122,0.517500713
0.204797582,0.534188107,,0.455998619,0.470272505
0.162312242,0.436832112,,0.438403322,0.433473694
0.186745451,0.394157305,,0.448522332,0.417343386
0.262854136,0.418401048,,0.480042732,0.426507083
0.356946903,0.494320265,,0.519011237,0.455203179
0.435093034,0.588223566,,0.551375446,0.490696934
0.481351082,0.66618023,,0.57053321,0.520163148
0.499328822,0.712248811,,0.577978688,0.537576242
0.499590639,0.730037083,,0.578087119,0.544299888
0.489654844,0.730109434,,0.573972211,0.544327235
0.462605769,0.719984172,,0.562769841,0.540500069
0.42600901,0.692745629,,0.547613299,0.530204391
0.387063971,0.655959404,,0.531484216,0.51629986
0.348133924,0.616824898,,0.515361343,0.501507722
0.317568193,0.577705384,,0.502702551,0.486721251
0.288712924,0.546950186,,0.490752145,0.475096341
0.248440343,0.51790545,,0.474073262,0.464117954
0.18105756,0.477443402,,0.446166692,0.448824029
0.078841534,0.409871152,,0.403833941,0.423282937
-0.050333027,0.307465659,,0.350336315,0.384575506
-0.178220415,0.178101631,,0.297371773,0.335678235
-0.273709924,0.050024777,,0.257824807,0.287267493
-0.325706038,-0.045654199,,0.236290624,0.251102564
-0.339713268,-0.09783978,,0.230489532,0.231377355
-0.33546133,-0.112036477,,0.232250472,0.22601126
-0.338118138,-0.107974006,,0.231150155,0.227546801
-0.363000588,-0.110820281,,0.220845092,0.22647096
-0.407504922,-0.135892198,,0.202413629,0.216994227
-0.453290084,-0.180585999,,0.183451711,0.200100776
-0.479967774,-0.226560628,,0.17240315,0.182723195
-0.476447657,-0.253427785,,0.173861005,0.172567894
-0.448148895,-0.250097135,,0.185580933,0.17382682
-0.409273637,-0.22198784,,0.201681116,0.184451626
-0.372184963,-0.183302049,,0.217041384,0.199074158
-0.348419562,-0.146402842,,0.226883822,0.213021393
-0.337576633,-0.122826907,,0.231374419,0.221932672
-0.323166876,-0.112173446,,0.237342218,0.225959488
-0.293507702,-0.097953155,,0.24962556,0.231334502
-0.240573887,-0.068483448,,0.271548092,0.24247352
-0.1820531,-0.0157391,,0.295784467,0.262409932
-0.133128437,0.042592219,,0.316046609,0.28445812
-0.102634215,0.091327416,,0.328675786,0.302879146
-0.08271303,0.121632171,,0.336926142,0.314333797
-0.053733773,0.141363889,,0.348927897,0.321792031
0.00839479,0.170153679,,0.374658432,0.332674053
0.109808639,0.232092775,,0.416658962,0.356085915
0.238992422,0.333317157,,0.470160407,0.394346906
0.379861682,0.462311474,,0.52850139,0.443104433
0.513214939,0.602991266,,0.583729621,0.496278859
0.624517868,0.736155057,,0.629825712,0.546612372
0.703350835,0.847268519,,0.662474374,0.588611258
0.74234201,0.925912019,,0.678622563,0.618337083
0.739926255,0.964713727,,0.677622079,0.633003429
0.70323319,0.962108505,,0.662425651,0.632018703
0.64141316,0.925225973,,0.636822895,0.61807777
0.566529941,0.863216476,,0.605810021,0.594639298
0.497313282,0.78814379,,0.577143952,0.566263176
0.442483313,0.718737664,,0.554436129,0.540028911
0.399500866,0.663718228,,0.536634955,0.519232556
0.365571877,0.620546314,,0.522583269,0.502914351
0.340085055,0.586427858,,0.512027906,0.490018189
0.31686924,0.56075157,,0.502413079,0.480313015
0.29135243,0.537346287,,0.491845296,0.47146624
0.258259641,0.51164001,,0.478139923,0.461749731
0.214859093,0.478357755,,0.460165592,0.449169638
0.172097518,0.434767739,,0.442455892,0.432693398
0.141354166,0.391816698,,0.429723538,0.416458678
0.121930087,0.360883878,,0.421679058,0.40476663
0.108699662,0.341270333,,0.41619968,0.397353064
0.100687704,0.327850441,,0.412881529,0.392280586
0.094405818,0.319649016,,0.410279887,0.389180596
0.08978365,0.313177663,,0.408365616,0.386734541
0.085571504,0.308366028,,0.406621157,0.384915829
0.077960348,0.303964415,,0.403468998,0.383252099
0.059828055,0.296163793,,0.395959511,0.380303604
0.031802642,0.277842033,,0.384352791,0.373378309
0.000671754,0.249627153,,0.371459938,0.362713593
-0.027069925,0.218306797,,0.359970726,0.350875063
-0.047890171,0.190375652,,0.351348024,0.340317594
-0.06243718,0.169365939,,0.345323382,0.332376301
-0.077386143,0.154629462,,0.339132271,0.326806179
-0.099386296,0.139491033,,0.330020911,0.321084125
-0.123693787,0.117301413,,0.319953968,0.312696848
-0.138623142,0.092804455,,0.313770978,0.30343744
-0.136461707,0.077685633,,0.314666136,0.297722798
-0.117813854,0.079657601,,0.322389141,0.298468166
-0.089054316,0.098115987,,0.334299899,0.305445103
-0.059307484,0.126686058,,0.346619545,0.316244075
-0.033023101,0.156243423,,0.357505219,0.327416226
-0.008086441,0.18233834,,0.367832733,0.337279635
0.017182391,0.207085532,,0.378297816,0.346633627
0.043057902,0.232164898,,0.389014155,0.356113175
0.064378714,0.257850942,,0.397844166,0.365822037
0.073556737,0.278982286,,0.401645243,0.373809305
0.056692587,0.287970843,,0.394660958,0.377206817
0.013520408,0.270917226,,0.376781206,0.370760857
-0.050195782,0.22755558,,0.350393155,0.354370936
-0.114608613,0.163649923,,0.323716591,0.33021575
-0.162766855,0.099047625,,0.303771862,0.305797246
-0.1802521,0.050699916,,0.296530351,0.287522683
-0.159935882,0.033025205,,0.304944309,0.280841961
-0.103616898,0.053151955,,0.328268808,0.28844951
-0.023497913,0.109281472,,0.361450074,0.309665455
0.063762228,0.18921099,,0.397588848,0.339877373
0.144187438,0.276281665,,0.430896937,0.372788518
0.2093788,0.356517408,,0.45789593,0.403116183
0.258191585,0.421519303,,0.478111737,0.427685728
0.290707684,0.470142621,,0.491578275,0.446064466
0.307488791,0.502469252,,0.498528168,0.45828335
0.31001008,0.519060893,,0.499572359,0.464554691
0.305809469,0.521392715,,0.497832677,0.465436078
0.303274339,0.517002637,,0.496782753,0.463776707
0.306109925,0.51427804,,0.497957111,0.462746859
0.317865754,0.51692416,,0.502825785,0.463747044
0.340099466,0.528490521,,0.512033874,0.46811892
0.370871651,0.550534766,,0.52477817,0.476451247
0.405647219,0.581117484,,0.539180466,0.488010964
0.439142539,0.615703586,,0.553052548,0.501083887
0.463717037,0.649009439,,0.563230072,0.513672899
0.469365141,0.67339447,,0.565569234,0.522890001
0.446832126,0.678853106,,0.556237189,0.524953267
0.401936799,0.656130624,,0.537643796,0.516364579
0.340090818,0.61104583,,0.512030292,0.499323339
0.276468631,0.549010383,,0.485681173,0.475875058
0.222048689,0.485198729,,0.463143162,0.451755403
0.171710559,0.43058932,,0.442295633,0.431114031
0.113414105,0.380061723,,0.418152166,0.41201551
0.050565835,0.321575802,,0.392123564,0.389908886
-0.01267689,0.258538065,,0.365931599,0.366081758
-0.070762854,0.195105873,,0.341875306,0.342105532
-0.118659854,0.136830443,,0.32203877,0.32007847
-0.155787742,0.088743975,,0.306662261,0.301902652
-0.185124548,0.05142662,,0.294512427,0.287797364
-0.209727304,0.021900348,,0.284323199,0.276636965
-0.224967496,-0.002891876,,0.278011476,0.267265952
-0.231656525,-0.018321534,,0.275241216,0.261433819
-0.233503664,-0.02520003,,0.274476224,0.258833872
-0.239025472,-0.027236636,,0.272189367,0.258064071
-0.265035352,-0.032947911,,0.26141738,0.255905312
-0.319604658,-0.059147257,,0.23881751,0.246002431
-0.401599039,-0.113906031,,0.204859549,0.225304602
-0.494051121,-0.196089879,,0.166570533,0.194240589
-0.57614931,-0.288731428,,0.132569581,0.159223753
-0.628452801,-0.371019084,,0.110908098,0.128120502
-0.637265203,-0.423512041,,0.107258443,0.108279111
-0.602053654,-0.432513911,,0.1218413,0.104876566
-0.539900298,-0.397491829,,0.147582104,0.118114282
-0.471546368,-0.335527939,,0.175890873,0.141535515
-0.408933966,-0.267363476,,0.201821791,0.167300454
-0.356592992,-0.204940541,,0.223498797,0.190895198
-0.311040813,-0.152789034,,0.242364225,0.210607528
-0.267830574,-0.107426322,,0.260259739,0.227753815
-0.233845646,-0.06440555,,0.274334592,0.244014892
-0.21570701,-0.030610089,,0.281846705,0.256788967
-0.21203234,-0.01266092,,0.283368569,0.263573429
-0.212470048,-0.009175716,,0.283187293,0.264890773
-0.205830038,-0.009802891,,0.285937252,0.264653713
-0.181090606,-0.003352348,,0.296183084,0.267091901
-0.13099007,0.021197616,,0.316932213,0.276371346
-0.066148759,0.071108686,,0.343786232,0.29523683
-0.004295857,0.13576053,,0.369402602,0.319674062
0.037096657,0.197423964,,0.386545306,0.342981729
0.055893872,0.238627012,,0.39433017,0.358555738
0.069147365,0.25723476,,0.399819102,0.365589132
0.093439286,0.270298786,,0.409879597,0.370527098
0.13742402,0.29440124,,0.428095869,0.379637391
0.193590183,0.338196507,,0.451357076,0.396191213
0.250393009,0.394173203,,0.474881958,0.417349395
0.299574876,0.450786562,,0.495250621,0.438748224
0.337159505,0.499778962,,0.510816289,0.457266468
0.36792304,0.537174124,,0.523557003,0.471401166
0.401169228,0.567748192,,0.537325907,0.482957612
0.443566913,0.600804913,,0.554884901,0.495452457
0.4904276,0.643013131,,0.574292248,0.511406403
0.533668983,0.689684352,,0.59220066,0.529047283
0.568394381,0.732736268,,0.606582179,0.545320131
0.598193115,0.767272199,,0.61892332,0.558374091
0.631200553,0.796881466,,0.632593346,0.56956586
0.678535282,0.829699437,,0.652197016,0.581970462
0.75003333,0.876844699,,0.681807922,0.599790521
0.849869352,0.94815328,,0.723154996,0.626743879
0.964293326,1.047799835,,0.770543667,0.664408481
1.050721878,1.162034342,,0.806338039,0.707587066
1.078298623,1.248273428,,0.817758944,0.740183886
1.042677049,1.275660705,,0.803006275,0.750535783
0.963327944,1.239849664,,0.770143854,0.736999855
0.879379732,1.160311092,,0.735376715,0.706935708
0.828418776,1.076173414,,0.714271243,0.675133182
0.823376198,1.025022991,,0.71218286,0.655799244
0.84675637,1.019790945,,0.721865755,0.653821625
0.870007363,1.042981651,,0.73149515,0.662587294
0.872281253,1.066043177,,0.732436881,0.671304135
0.847577,1.0681276,,0.722205618,0.672092009
0.805350017,1.04323388,,0.70471732,0.662682632
0.757965691,1.00081743,,0.685093108,0.646649978
0.711911793,0.953243638,,0.666019893,0.628667942
0.666281761,0.907000272,,0.647122222,0.611188784
0.615761971,0.861180773,,0.626199459,0.593869839
0.562541544,0.810471517,,0.604158227,0.574702654
0.516575301,0.757061623,,0.585121314,0.554514677
0.482511943,0.710905912,,0.57101398,0.53706865
0.451560406,0.676653088,,0.558195405,0.5241217
0.410765344,0.645512084,,0.541300137,0.512350962
0.354476923,0.604527555,,0.517988296,0.496859548
0.27987513,0.548049667,,0.487091974,0.475511925
0.18435621,0.473258407,,0.447532828,0.447242177
0.071841657,0.37755002,,0.400934942,0.411066131
-0.027260815,0.264846,,0.359891668,0.368466043
-0.085381378,0.165554061,,0.335821046,0.33093548
-0.082003704,0.107244031,,0.337219909,0.308895339
-0.026031886,0.110432239,,0.36040063,0.310100424
0.051790723,0.16621459,,0.392630851,0.331185148
0.116900775,0.243847732,,0.419596169,0.360529076
0.150656179,0.308768316,,0.433575965,0.385067887
0.157968034,0.342334254,,0.436604168,0.397755206
0.159720596,0.349456641,,0.437329992,0.400447341
0.172230735,0.351019737,,0.442511064,0.401038162
0.202159225,0.363340409,,0.454905944,0.405695154
0.241621557,0.393079432,,0.471249263,0.416935969
0.279102382,0.432352296,,0.486771941,0.431780404
0.313658232,0.469643655,,0.501083241,0.445875865
0.348884774,0.504010038,,0.515672308,0.458865739
0.388014354,0.539047113,,0.531877818,0.472109122
0.419972794,0.577987227,,0.545113401,0.486827783
0.421418556,0.609756199,,0.545712163,0.498835882
0.379189841,0.611012494,,0.528223147,0.499310739
0.305318138,0.568594313,,0.497629192,0.483277431
0.225291995,0.494533142,,0.464486377,0.455283643
0.159454166,0.414317533,,0.43721965,0.424963589
0.120218474,0.348290236,,0.420970194,0.40000646
0.107968999,0.308865077,,0.415897076,0.385104461
0.127493998,0.296426136,,0.423983351,0.380402765
0.177643552,0.315761668,,0.444752782,0.387711248
0.245519984,0.365721755,,0.472863796,0.40659526
0.311327249,0.43340872,,0.500117865,0.432179713
0.361140017,0.499026518,,0.520747815,0.456982058
0.376848478,0.548649819,,0.527253472,0.475738771
0.324491929,0.564168813,,0.505570015,0.481604671
0.23171344,0.511622798,,0.467145817,0.461743225
0.11969772,0.418654841,,0.420754524,0.426603013
0.008138739,0.306449655,,0.374552389,0.384191475
-0.085814467,0.194701207,,0.335641682,0.341952576
-0.158474546,0.100558533,,0.305549522,0.306368342
-0.216894413,0.027708988,,0.281354943,0.278832527
-0.268564122,-0.030900346,,0.25995594,0.256679255
-0.322049828,-0.082759523,,0.237804843,0.237077421
-0.381884893,-0.136434695,,0.21302416,0.216789173
-0.442322598,-0.196459227,,0.187993893,0.194100982
-0.481003515,-0.257086399,,0.171974198,0.171185004
-0.468226367,-0.295956783,,0.177265851,0.156492699
-0.389919916,-0.283369102,,0.209696456,0.161250616
-0.25737691,-0.205252118,,0.264589122,0.190777428
-0.100196544,-0.072898579,,0.329685347,0.24080468
0.049635056,0.08409232,,0.391738082,0.30014441
0.165976528,0.233734454,,0.439920885,0.356706439
0.236467096,0.349886458,,0.469114543,0.400609804
0.253965605,0.420187559,,0.476361548,0.427182353
0.220387243,0.437496602,,0.462455075,0.433724859
0.147800982,0.403728772,,0.432393485,0.420961228
0.051118302,0.330953044,,0.392352368,0.393453314
-0.050051608,0.234080898,,0.350452865,0.356837389
-0.133041358,0.132721521,,0.316082672,0.318525371
-0.161981399,0.049542304,,0.304097159,0.287085127
-0.161208632,0.020412796,,0.3044172,0.276074698
-0.140318029,0.020996096,,0.31306904,0.276295175
-0.093656876,0.041697232,,0.33239375,0.284119831
-0.034628602,0.088168918,,0.356840301,0.301685291
0.035522875,0.147007725,,0.385893524,0.323925299
0.117067438,0.216969735,,0.419665193,0.350369678
0.204980391,0.298324832,,0.456074329,0.381120438
0.287155281,0.386048318,,0.490107048,0.414278335
0.35200755,0.468033741,,0.516965605,0.445267347
0.387509173,0.532696543,,0.531668597,0.469708721
0.391472765,0.568008699,,0.533310118,0.483056079
0.370379745,0.571782823,,0.524574447,0.48448263
0.339367078,0.550500337,,0.511730555,0.476438234
0.313515213,0.519298203,,0.50102401,0.46464439
0.292291287,0.493256871,,0.492234124,0.454801236
0.261496609,0.471843478,,0.479480512,0.446707359
0.206260073,0.440859333,,0.456604309,0.434995911
0.122505054,0.38543333,,0.421917181,0.414045881
0.030336702,0.301488845,,0.383745672,0.382316378
-0.037270992,0.209131025,,0.355745955,0.347406787
-0.056289658,0.141333864,,0.347869378,0.321780682
-0.019959908,0.122125732,,0.362915338,0.314520354
0.055949239,0.158266015,,0.3943531,0.32818073
0.147262935,0.233985695,,0.432170654,0.356801404
0.229655811,0.325109924,,0.466293651,0.39124472
0.283108644,0.407313333,,0.488431133,0.422316127
0.294771046,0.460576699,,0.493261116,0.442448719
0.252276477,0.472049634,,0.475661996,0.446785282
0.172385285,0.429365598,,0.442575071,0.430651486
0.077610295,0.349284939,,0.403324023,0.40038244
0.017744667,0.254320482,,0.378530682,0.364487587
-0.008949166,0.194265387,,0.367475435,0.341787844
0.002322821,0.167382087,,0.372143727,0.331626441
0.045984608,0.178464607,,0.39022625,0.335815434
0.106878475,0.221936928,,0.415445436,0.352247187
0.159797295,0.282641328,,0.437361757,0.375192356
0.183382192,0.33537068,,0.447129438,0.395123101
0.166331771,0.358766111,,0.440068009,0.403966152
0.108997235,0.341526223,,0.416322919,0.397449785
0.039767886,0.28400222,,0.387651595,0.375706749
-0.005723166,0.214583404,,0.368811483,0.349467688
0.003667656,0.168902885,,0.37270069,0.332201275
0.084366215,0.17810424,,0.406121986,0.335679221
0.213107103,0.258613333,,0.459440006,0.366110207
0.337909197,0.387164753,,0.511126774,0.414700327
0.414025379,0.51177738,,0.54265028,0.461801654
0.41807605,0.587704096,,0.544327865,0.490500584
0.363730502,0.5915653,,0.521820664,0.49196005
0.288163908,0.537030284,,0.49052477,0.471346797
0.231526013,0.461274223,,0.467068194,0.442712371
0.214015969,0.404446861,,0.459816413,0.421232653
0.232404889,0.386747351,,0.467432181,0.414542557
0.266462483,0.404946804,,0.481537128,0.421421622
0.298791732,0.438814931,,0.494926282,0.434223163
0.316981115,0.470954713,,0.502459412,0.446371422
0.292875467,0.488954629,,0.492476062,0.453175065
0.25284279,0.464659514,,0.475896535,0.44399195
0.209268656,0.42443737,,0.457850314,0.428788705
0.182767439,0.380673769,,0.446874839,0.412246852
0.177539745,0.353983086,,0.44470979,0.402158255
0.203003498,0.348565924,,0.455255599,0.400110666
0.25284452,0.37384021,,0.475897251,0.40966389
0.310737869,0.423491766,,0.499873773,0.428431283
0.358998184,0.481195647,,0.519860775,0.45024231
0.381601555,0.529266496,,0.529221958,0.468412225
0.377332894,0.5516804,,0.527454093,0.476884276
0.347578565,0.547222272,,0.515131342,0.475199184
0.291286687,0.517278476,,0.491818069,0.463880969
0.207637205,0.460797131,,0.457174648,0.442532039
0.111165592,0.376958182,,0.417220944,0.410842427
0.023264748,0.280297102,,0.380816823,0.374306281
-0.036559358,0.192206792,,0.356040678,0.341009732
-0.061120591,0.132193218,,0.345868647,0.318325683
-0.057102791,0.107442518,,0.347532619,0.308970364
-0.033975785,0.111270851,,0.357110665,0.310417405
0.001860895,0.13420839,,0.37195242,0.319087381
0.04396043,0.169855603,,0.389387937,0.332561385
0.084706473,0.211765672,,0.406262904,0.348402636
0.107191045,0.252322248,,0.415574886,0.36373229
0.100872251,0.274617353,,0.412957959,0.372159438
0.069413802,0.268109092,,0.399929447,0.369699433
0.019887651,0.236461176,,0.379418199,0.357737091
-0.036460169,0.186745558,,0.356081758,0.338945484
-0.097449769,0.130208271,,0.330822924,0.317575408
-0.154440598,0.069029204,,0.307220181,0.294450824
-0.218316529,0.011848908,,0.280765973,0.272837703
-0.305089366,-0.05221649,,0.244829016,0.248622137
-0.395529377,-0.139178793,,0.207373299,0.215751953
-0.46733076,-0.229808271,,0.177636767,0.181495644
-0.501520991,-0.301799122,,0.163476888,0.1542844
-0.495110503,-0.33617882,,0.16613179,0.141289494
-0.450235935,-0.329957799,,0.184716586,0.143640928
-0.379170984,-0.285272698,,0.214148125,0.160531091
-0.291526192,-0.214397213,,0.250446202,0.187320746
-0.200933934,-0.126941888,,0.287964972,0.220377283
-0.127531081,-0.036539097,,0.318364753,0.254547908
-0.081042934,0.036674289,,0.337617812,0.282221249
-0.065924426,0.082972969,,0.34387914,0.299721316
-0.086634521,0.097902011,,0.335302057,0.305364224
-0.142240716,0.077002448,,0.31227276,0.297464566
-0.217919764,0.021206786,,0.280930293,0.276374812
-0.29285373,-0.054661729,,0.249896403,0.24769788
-0.34422471,-0.129785161,,0.228621119,0.219302577
-0.348736157,-0.181345609,,0.226752704,0.199813657
-0.303062297,-0.186046523,,0.245668526,0.198036797
-0.224982486,-0.14056213,,0.278005268,0.215229077
-0.141455837,-0.062671785,,0.312597818,0.244670223
-0.079994505,0.020665397,,0.338052019,0.276170176
-0.054521523,0.081937262,,0.34860165,0.299329837
-0.061159804,0.107220777,,0.345852407,0.30888655
-0.079365335,0.100393029,,0.338312589,0.306305784
-0.0745419,0.081998031,,0.340310214,0.299352806
-0.04581754,0.086631999,,0.352206404,0.301104363
-0.001832229,0.115166892,,0.370422914,0.311890038
0.049411307,0.158962736,,0.391645417,0.328444078
0.085303349,0.210016806,,0.4065101,0.347741596
0.088709857,0.245719381,,0.407920905,0.361236526
0.059152756,0.248936422,,0.395679836,0.362452509
0.010384954,0.219189853,,0.375482658,0.351208843
-0.034807948,0.170232585,,0.356766024,0.332703878
-0.054556127,0.124850215,,0.348587319,0.31555016
-0.047245426,0.10491257,,0.351615045,0.308014089
-0.018214843,0.112033804,,0.363638056,0.310705787
0.023374896,0.14087492,,0.380862441,0.321607209
0.064544229,0.182275192,,0.397912714,0.337255766
0.092106556,0.223255058,,0.409327648,0.352745417
0.101524481,0.250627918,,0.41322808,0.363091865
0.090522384,0.259856376,,0.408671563,0.366580055
0.061138865,0.248664812,,0.396502383,0.362349846
0.016635107,0.219091827,,0.378071158,0.35117179
-0.039408796,0.174398601,,0.354860584,0.334278557
-0.100856285,0.118165232,,0.329412116,0.313023357
-0.15726754,0.056528276,,0.306049403,0.289725698
-0.200913757,-7.24E-05,,0.287973329,0.268331646
-0.224073633,-0.04390813,,0.27838167,0.251762547
-0.226289853,-0.067257473,,0.277463822,0.242936916
-0.213257809,-0.069663161,,0.282861042,0.24202761
-0.188087012,-0.056820583,,0.293285523,0.246881873
-0.152095204,-0.031839253,,0.308191525,0.256324365
-0.122099243,0.003963088,,0.320614348,0.269857005
-0.094671281,0.033769582,,0.331973634,0.281123322
-0.064727798,0.061008077,,0.344374723,0.291418982
-0.037084153,0.090762093,,0.355823335,0.302665464
-0.009595062,0.118216271,,0.367207938,0.313042648
0.009872845,0.145515895,,0.375270568,0.323361414
0.003839513,0.164794336,,0.372771865,0.330648317
-0.039080076,0.158571537,,0.354996723,0.328296212
-0.11884901,0.11546248,,0.321960431,0.312001765
-0.218491263,0.035504079,,0.280693607,0.281778931
-0.305905961,-0.064327641,,0.244490823,0.24404434
-0.350040058,-0.151931805,,0.226212693,0.210931545
-0.334905977,-0.196255369,,0.232480471,0.194178036
-0.267113165,-0.181310755,,0.260556854,0.199826831
-0.173740107,-0.11370741,,0.299227292,0.225379677
-0.087347881,-0.020523819,,0.335006619,0.260601395
-0.032086546,0.065678941,,0.357893093,0.293184485
-0.012654395,0.120750808,,0.365940915,0.314000658
-0.019258652,0.139993492,,0.363205763,0.321274046
-0.03722774,0.133199769,,0.355763868,0.318706141
-0.055999005,0.115041213,,0.347989752,0.311842534
-0.073179758,0.096080482,,0.340874345,0.304675719
-0.091989661,0.078710262,,0.333084227,0.298110089
-0.119316702,0.059710892,,0.321766737,0.29092867
-0.160703446,0.032194384,,0.304626423,0.280527926
-0.215765823,-0.009381827,,0.281822348,0.264812867
-0.283866588,-0.064633671,,0.253618426,0.243928666
-0.361538101,-0.132923903,,0.221450781,0.218116189
-0.433271437,-0.210784883,,0.19174243,0.188686142
-0.492158424,-0.282707686,,0.167354393,0.161500619
-0.522728194,-0.34178414,,0.154693928,0.139170784
-0.497912063,-0.372543376,,0.164971525,0.127544347
-0.43509897,-0.347916713,,0.190985558,0.136852782
-0.348896479,-0.285293086,,0.226686306,0.160523384
-0.258935123,-0.199280063,,0.263943789,0.193034757
-0.188459545,-0.109508174,,0.293131239,0.226966913
-0.154159168,-0.039222062,,0.307336735,0.253533796
-0.16473163,-0.005111152,,0.302958151,0.266427105
-0.211323003,-0.015873081,,0.283662341,0.26235929
-0.278183884,-0.062653921,,0.255971917,0.244676976
-0.342271463,-0.129704269,,0.229430056,0.219333153
-0.383563631,-0.193981315,,0.212328911,0.195037588
-0.39711412,-0.23546295,,0.206716978,0.179358278
-0.388889942,-0.249202906,,0.21012302,0.174164822
-0.369556983,-0.241168195,,0.218129762,0.177201798
-0.346154321,-0.222024702,,0.227821971,0.184437693
-0.318246554,-0.198811507,,0.239379968,0.193211862
-0.287227543,-0.171093207,,0.252226487,0.20368888
-0.262300687,-0.140263664,,0.262549941,0.215341892
-0.251318199,-0.115526274,,0.267098336,0.224692179
-0.25206732,-0.104733254,,0.266788088,0.228771747
-0.25445078,-0.105671841,,0.265800979,0.228416977
-0.2458506,-0.108244768,,0.269362742,0.227444457
-0.216733515,-0.099834055,,0.281421579,0.230623555
-0.164085162,-0.070906436,,0.303225886,0.241557674
-0.094756626,-0.018447551,,0.331938289,0.261386187
-0.031341466,0.050691518,,0.358201668,0.287519509
0.035981344,0.113917212,,0.386083399,0.311417681
0.101102926,0.181050554,,0.413053492,0.336792875
0.14011832,0.245982669,,0.429211712,0.361336044
0.167494955,0.284808596,,0.440549742,0.376011545
0.184424272,0.311995765,,0.447561015,0.386287804
0.189882069,0.328735614,,0.449821361,0.392615166
0.180661368,0.334003944,,0.44600261,0.3946065
0.166237195,0.324593777,,0.44002884,0.391049626
0.158927648,0.309980136,,0.437001593,0.385525933
0.173082508,0.302481123,,0.442863826,0.382691441
0.22149853,0.316446516,,0.462915314,0.387970108
0.296647024,0.364673071,,0.494038052,0.406198877
0.379182346,0.439632098,,0.528220043,0.434532038
0.451528127,0.521977953,,0.558182037,0.465657287
0.505690866,0.594134267,,0.580613527,0.492931073
0.544676275,0.648107539,,0.596759329,0.513331997
0.57823849,0.686903481,,0.610659115,0.527996164
0.609444925,0.72027623,,0.623583255,0.540610461
0.630511416,0.751293198,,0.632307939,0.552334316
0.631896625,0.772170222,,0.632881624,0.560225455
0.604823329,0.773365964,,0.621669222,0.560677424
0.554227419,0.746103201,,0.600714933,0.550372591
0.492249374,0.695317824,,0.575046736,0.531176634
0.430292092,0.633150312,,0.549387136,0.507678435
0.383263007,0.571003563,,0.529910048,0.484188084
0.356986695,0.523785011,,0.519027717,0.466340322
0.347246972,0.497319232,,0.514994012,0.456336735
0.365209141,0.487390042,,0.522433042,0.45258368
0.380426841,0.505162745,,0.52873545,0.459301441
0.378750404,0.520190978,,0.528041154,0.464981842
0.364183787,0.518325073,,0.522008392,0.464276564
0.369956453,0.503568989,,0.524399141,0.45869903
0.408164483,0.509152189,,0.54022299,0.460809379
0.483980785,0.547170751,,0.571622301,0.475179711
0.577102405,0.622797587,,0.610188606,0.503765291
0.654200693,0.71572974,,0.64211885,0.53889197
0.696823865,0.792638561,,0.65977123,0.567962118
0.699797278,0.835072266,,0.661002669,0.584001294
0.668317493,0.837856212,,0.64796532,0.585053575
0.614755665,0.80618696,,0.625782697,0.573083169
0.548901108,0.752435665,,0.598509043,0.552766148
0.480888575,0.686391642,,0.570341662,0.527802698
0.424884463,0.618189641,,0.547147568,0.502023571
0.391953726,0.561996063,,0.533509308,0.480783411
0.389266926,0.528875858,,0.53239657,0.468264571
0.415666072,0.525999592,,0.543329772,0.467177394
0.450641753,0.55220927,,0.557814945,0.47708418
0.468732522,0.586995484,,0.565307235,0.490232742
0.451872409,0.604896787,,0.558324621,0.496999112
0.390207507,0.587847206,,0.532786111,0.490554677
0.296782547,0.525992837,,0.494094179,0.467174841
0.199075091,0.432378411,,0.45362865,0.431790275
0.123958315,0.334481488,,0.422519049,0.394787003
0.089958393,0.259175245,,0.408437986,0.3663226
0.095628985,0.224985856,,0.410786461,0.353399627
0.129008964,0.230466982,,0.424610774,0.355471394
0.154823923,0.263657494,,0.435302036,0.368016809
0.159717716,0.289282986,,0.437328799,0.377702783
0.149804412,0.293987312,,0.433223206,0.379480934
0.126486522,0.283884541,,0.423566105,0.375662268
0.104884282,0.260377184,,0.414619541,0.366776911
0.088858639,0.238585477,,0.407982523,0.358540039
0.073309342,0.222370367,,0.401542784,0.352411019
0.04563744,0.206631603,,0.39008247,0.34646205
-0.005063428,0.178770234,,0.369084713,0.335930955
-0.067682177,0.127879899,,0.343151168,0.316695326
-0.122619988,0.065071683,,0.320398682,0.292954952
-0.157750224,0.009944406,,0.3058495,0.272117835
-0.164855046,-0.025375298,,0.302907038,0.258767624
-0.154871963,-0.032669587,,0.307041531,0.256010514
-0.143365841,-0.022875971,,0.31180679,0.259712324
-0.140586194,-0.011559315,,0.31295798,0.263989816
-0.149608512,-0.008969136,,0.309221388,0.264968857
-0.166249483,-0.01818092,,0.302329533,0.261486969
-0.188124493,-0.035011358,,0.29327,0.255125366
-0.215996503,-0.057075836,,0.281726812,0.246785392
-0.24615221,-0.085137312,,0.26923783,0.236178659
-0.275463062,-0.115482486,,0.257098745,0.22470873
-0.298579687,-0.144982806,,0.247524999,0.213558141
-0.306291188,-0.168288897,,0.244331281,0.204748859
-0.300110799,-0.176189865,,0.246890889,0.201762435
-0.290051592,-0.170198943,,0.251056908,0.204026896
-0.295444798,-0.160329203,,0.248823312,0.20775748
-0.346219484,-0.165911875,,0.227794984,0.20564733
-0.43593748,-0.216876029,,0.190638289,0.186383799
-0.543850049,-0.306783492,,0.145946315,0.152400398
-0.631980416,-0.414885528,,0.109447136,0.111539777
-0.680919498,-0.503205362,,0.089179023,0.078156472
-0.675312916,-0.55233391,,0.091500988,0.059586766
-0.621841052,-0.546916795,,0.113646353,0.061634338
-0.548618701,-0.493634398,,0.143971378,0.081774123
-0.484944034,-0.420601514,,0.170342232,0.109379237
-0.451092897,-0.357116314,,0.184361676,0.133375499
-0.459877618,-0.323454644,,0.180723485,0.146099003
-0.505033036,-0.332428832,,0.162022375,0.142706922
-0.566406135,-0.377773717,,0.136604715,0.125567373
-0.625609722,-0.439336283,,0.112085558,0.102297832
-0.670616931,-0.498729337,,0.09344583,0.079848329
-0.700539075,-0.543926012,,0.081053578,0.0627648
-0.723299307,-0.574037624,,0.071627432,0.051383153
-0.745762542,-0.596987322,,0.062324286,0.042708581
-0.772335271,-0.619640025,,0.051319195,0.034146268
-0.801941971,-0.64640222,,0.039057584,0.02403064
-0.825333677,-0.676198387,,0.029369912,0.012768226
-0.835341557,-0.699779561,,0.02522515,0.003854968
-0.835153557,-0.709976907,,0.025303011,5.54396E-07
-0.829157709,-0.709978374,,0.02778619,0
-0.816168917,-0.704171993,,0.033165496,0.002194707
-0.797790955,-0.691372668,,0.040776727,0.007032621
-0.775210651,-0.673184173,,0.050128356,0.013907545
-0.750327047,-0.650793336,,0.060433897,0.022370878
-0.730654416,-0.626099199,,0.068581314,0.031704816
-0.702415052,-0.606616034,,0.080276642,0.039069101
-0.669161368,-0.578566138,,0.094048651,0.049671457
-0.645998608,-0.545501921,,0.103641504,0.062169135
-0.634461922,-0.522528627,,0.108419421,0.070852626
-0.63189565,-0.511181408,,0.109482242,0.07514167
-0.632342585,-0.508804604,,0.109297144,0.076040059
-0.624861761,-0.509441005,,0.112395326,0.075799511
-0.598849573,-0.502149648,,0.12316827,0.078555512
-0.557278861,-0.476326927,,0.140384775,0.088316036
-0.502474843,-0.434945681,,0.16308185,0.103957401
-0.445212969,-0.380331131,,0.186796847,0.124600716
-0.398850541,-0.323258723,,0.205997839,0.146173058
-0.359306321,-0.277085763,,0.222375072,0.163625605
-0.320699222,-0.23773101,,0.238364196,0.178500992
-0.275501707,-0.199313378,,0.257082741,0.193022164
-0.218689073,-0.154305329,,0.280611684,0.210034396
-0.160390311,-0.097682163,,0.304756108,0.231436932
-0.113574605,-0.039572868,,0.324144825,0.253401198
-0.08473606,0.007053372,,0.336088305,0.271025076
-0.073624394,0.03570245,,0.340690199,0.281853911
-0.074691271,0.046624649,,0.340248353,0.285982306
-0.075012487,0.045368305,,0.340115321,0.28550743
-0.069146395,0.044857622,,0.342544762,0.285314401
-0.067482645,0.050534247,,0.343233804,0.287460063
-0.078482433,0.05200853,,0.338678243,0.288017316
-0.105140512,0.040819275,,0.327637804,0.283787979
-0.1398117,0.013971729,,0.313278736,0.273640091
-0.160616951,-0.020888926,,0.304662245,0.260463391
-0.160334373,-0.041883644,,0.304779275,0.252527766
-0.144426374,-0.041790532,,0.31136757,0.252562961
-0.120684618,-0.026072001,,0.321200215,0.258504282
-0.093370265,-0.002519711,,0.33251245,0.267406623
-0.073472723,0.024605175,,0.340753014,0.277659341
-0.063720316,0.044313249,,0.344791972,0.285108638
-0.062636139,0.05387619,,0.345240984,0.288723257
-0.057305215,0.0547709,,0.347448785,0.289061442
-0.028823065,0.059912357,,0.359244663,0.29100482
0.023393922,0.08820504,,0.380870321,0.301698944
0.09048836,0.140232561,,0.408657472,0.321364409
0.161628283,0.207137532,,0.43812006,0.346653282
0.223334131,0.278087987,,0.463675528,0.373471276
0.268094513,0.339604368,,0.482213033,0.396723359
0.294433682,0.384175283,,0.493121396,0.413570361
0.308951282,0.410324986,,0.499133858,0.423454478
0.318278668,0.424653118,,0.502996794,0.428870254
0.328809031,0.433791038,,0.507357942,0.432324222
0.338404002,0.444131933,,0.511331698,0.436232894
0.341830695,0.453537438,,0.512750862,0.439788006
0.34335085,0.456774664,,0.513380434,0.441011619
0.353148816,0.458105352,,0.51743826,0.441514595
0.375503057,0.467713851,,0.526696266,0.445146435
0.409302869,0.489878625,,0.540694453,0.45352432
0.446598,0.52348897,,0.556140226,0.466228424
0.475593981,0.560594634,,0.568148907,0.480253696
0.486842323,0.589401148,,0.572807406,0.491142039
0.481224207,0.600460023,,0.570480664,0.495322095
0.467658148,0.594652441,,0.564862283,0.493126933
0.461215943,0.580896915,,0.562194245,0.487927593
0.474956163,0.574265242,,0.567884755,0.48542094
0.495282185,0.587815995,,0.576302773,0.49054288
0.505829848,0.60795255,,0.580671087,0.498154135
0.491304176,0.618310747,,0.574655282,0.502069347
0.451528126,0.603595608,,0.558182037,0.496507289
0.402582703,0.563630091,,0.537911297,0.481401044
0.355842542,0.514495201,,0.518553866,0.462828941
0.316802923,0.467565573,,0.502385614,0.445090388
0.286326003,0.428336488,,0.489763602,0.430262501
0.263358741,0.3976701,,0.480251714,0.418671159
0.241524096,0.374513371,,0.471208899,0.409918333
0.221218836,0.35248926,,0.462799479,0.401593616
0.206864441,0.331994533,,0.456854608,0.393846978
0.200950484,0.317450671,,0.454405344,0.388349661
0.201042754,0.311347246,,0.454443558,0.386042676
0.203361048,0.31125005,,0.455403679,0.386005938
0.201454511,0.313378877,,0.454614086,0.386810596
0.193055018,0.311282873,,0.451135438,0.386018344
0.183802024,0.302693913,,0.447303312,0.382771872
0.179016072,0.293251452,,0.44532121,0.379202792
0.181033911,0.288276033,,0.446156898,0.377322173
0.184763366,0.290104405,,0.447701451,0.378013265
0.179077201,0.293644393,,0.445346527,0.379351317
0.149982606,0.287768761,,0.433297005,0.377130434
0.095488847,0.2584847,,0.410728423,0.366061586
0.020201947,0.203801474,,0.379548365,0.345392312
-0.044962889,0.128325107,,0.352560357,0.316863606
-0.070040261,0.062970803,,0.342174568,0.292160857
-0.021071771,0.037703965,,0.36245486,0.282610448
0.056196058,0.086482988,,0.39445532,0.301048039
0.125607061,0.16356135,,0.423201876,0.330182271
0.159972027,0.232782886,,0.437434122,0.356346764
0.155914435,0.266958385,,0.435753671,0.369264487
0.140633876,0.262711326,,0.42942523,0.367659175
0.146859248,0.2472413,,0.432003466,0.361811784
0.194196862,0.253277205,,0.451608332,0.364093247
0.274381591,0.300425352,,0.484816826,0.381914397
0.35489388,0.380420614,,0.518160978,0.412151164
0.417882286,0.460743437,,0.544247617,0.442511743
0.469636191,0.523542375,,0.565681489,0.46624861
0.517810582,0.575106814,,0.585632906,0.485739039
0.569079489,0.623091738,,0.606865916,0.503876475
0.62421049,0.674171177,,0.629698412,0.523183583
0.673396968,0.729112712,,0.650068984,0.543950492
0.711045031,0.778109723,,0.665660924,0.562470479
0.738618893,0.815568319,,0.677080635,0.576629153
0.771526562,0.842952714,,0.690709341,0.586979961
0.823823135,0.875670916,,0.712367959,0.599346852
0.900910461,0.927778022,,0.744293663,0.619042399
0.996183712,1.004675881,,0.783751066,0.648108404
1.091552117,1.099759666,,0.823247877,0.68404836
1.168188474,1.194938603,,0.854986812,0.720024283
1.20676847,1.271385494,,0.870964712,0.74891983
1.178626568,1.309776022,,0.859309748,0.763430758
1.133908863,1.281444654,,0.840789917,0.752722011
1.104869056,1.236537482,,0.828763085,0.735747909
1.115424216,1.207308207,,0.833134503,0.724699771
1.157482231,1.217673901,,0.850552823,0.728617816
1.199899523,1.259542449,,0.868119939,0.744443372
1.205122027,1.301770274,,0.870282838,0.760404729
1.152749331,1.306803311,,0.848592694,0.762307127
1.054495745,1.254241148,,0.807900986,0.742439576
0.952477527,1.155798095,,0.765650156,0.705229877
0.883134573,1.05359041,,0.736931782,0.666597214
0.860009873,0.984057989,,0.727354691,0.640315212
0.867585853,0.960743823,,0.730492282,0.631502877
0.86943703,0.968130335,,0.731258947,0.634294846
0.834737008,0.969792045,,0.716887938,0.634922942
0.753671675,0.934902557,,0.683314742,0.621735344
0.645766601,0.853647756,,0.638625872,0.591022494
0.548176787,0.745553216,,0.598209065,0.550164707
0.491330131,0.647773934,,0.574666031,0.5132059
0.494514035,0.590737812,,0.575984644,0.491647274
0.552709573,0.593732249,,0.600086318,0.492779117
0.638500303,0.65173832,,0.635616536,0.514704367
0.719783629,0.737339583,,0.669280013,0.547060101
0.763012899,0.818433442,,0.687183409,0.577712118
0.746544357,0.861473245,,0.680362965,0.593980388
0.679218663,0.844815236,,0.652480038,0.587683961
0.582891799,0.777300075,,0.612586282,0.562164447
0.477065693,0.680783744,,0.568758416,0.525683014
0.374393507,0.574768171,,0.526236746,0.485611038
0.290698462,0.471906518,,0.491574456,0.446731187
0.2337134,0.388022007,,0.467974101,0.415024354
0.214810074,0.330847478,,0.460145291,0.393413412
0.221427594,0.311754685,,0.462885936,0.386196681
0.235116489,0.318182738,,0.46855519,0.388626369
0.232827604,0.331682166,,0.467607248,0.393728909
0.192603464,0.329203814,,0.450948427,0.392792137
0.106071682,0.288790207,,0.415111302,0.377516522
-0.006148768,0.202068958,,0.36863522,0.344737453
-0.110342264,0.089659042,,0.325483499,0.30224853
-0.17911026,-0.014723922,,0.297003244,0.262793652
-0.194395432,-0.083681385,,0.290672892,0.236728974
-0.169782872,-0.099156024,,0.30086618,0.230879839
-0.13585792,-0.07473293,,0.314916194,0.240111328
-0.121004688,-0.040997445,,0.321067658,0.252862733
-0.145953456,-0.02633368,,0.310735129,0.258405372
-0.21354962,-0.051471915,,0.282740188,0.248903572
-0.305845991,-0.119257546,,0.24451566,0.223281826
-0.392502917,-0.211743384,,0.208626707,0.188323846
-0.44193622,-0.298589777,,0.188153912,0.155497475
-0.431956596,-0.348212547,,0.192286971,0.136740962
-0.369597934,-0.33842239,,0.218112802,0.140441465
-0.279365534,-0.276253195,,0.255482537,0.1639403
-0.184436564,-0.186210261,,0.294797356,0.197974906
-0.102365482,-0.091470759,,0.328787082,0.23378473
-0.040429535,-0.009589143,,0.354437845,0.264734505
0.000939335,0.052157337,,0.371570756,0.288073562
0.015350821,0.093336739,,0.377539271,0.303638634
0.017599336,0.107558759,,0.378470493,0.309014301
0.022892775,0.109617807,,0.38066277,0.309792584
0.046009978,0.114721779,,0.390236757,0.311721793
0.092414506,0.137649515,,0.409455185,0.320388064
0.148092788,0.183864576,,0.432514337,0.337856525
0.192025623,0.239353391,,0.450709114,0.358830296
0.217250628,0.283096759,,0.461156046,0.375364501
0.229370925,0.308132297,,0.466175665,0.384827483
0.237558194,0.320063127,,0.469566421,0.389337122
0.253266657,0.328060929,,0.476072079,0.392360147
0.270411079,0.343579925,,0.483172439,0.398226048
0.269328054,0.36053488,,0.482723904,0.404634715
0.231755536,0.359262389,,0.467163252,0.404153736
0.155774301,0.321500404,,0.435695634,0.389880387
0.062184985,0.245329701,,0.396935633,0.361089234
-0.023432163,0.151550919,,0.361477304,0.325642545
-0.078630063,0.065744303,,0.338617102,0.29320919
-0.092213423,0.010356937,,0.332991556,0.272273764
-0.074992877,-0.00341589,,0.340123442,0.267067884
-0.0482506,0.013615189,,0.351198752,0.273505325
-0.037649882,0.040167999,,0.355589038,0.283541808
-0.058880729,0.05057925,,0.346796286,0.287477074
-0.106970922,0.029158936,,0.32687974,0.279380581
-0.161325702,-0.019120724,,0.304368716,0.26113174
-0.198233872,-0.07366497,,0.289083203,0.240514998
-0.201159421,-0.110762607,,0.287871587,0.22649276
-0.169919537,-0.113877623,,0.30080958,0.22531534
-0.118616603,-0.082827207,,0.322056683,0.237051838
-0.062982151,-0.031713739,,0.345097682,0.256371807
-0.004613612,0.023731245,,0.369271004,0.277329012
0.051978725,0.081910318,,0.392708712,0.299319653
0.101147906,0.138313188,,0.413072121,0.320638921
0.124604779,0.187292902,,0.422786781,0.33915237
0.10778907,0.210560308,,0.415822558,0.34794703
0.053711104,0.193555132,,0.393426177,0.34151938
-0.014638213,0.139287699,,0.365119318,0.321007268
-0.064092854,0.070748916,,0.344637685,0.295100844
-0.068800376,0.021104807,,0.342688066,0.276336266
-0.017081649,0.016207819,,0.364107368,0.274485292
0.070086219,0.067737078,,0.400207928,0.293962423
0.154048846,0.15471548,,0.434981037,0.326838691
0.205931353,0.238488639,,0.45646817,0.358503436
0.2147501,0.29018168,,0.460120453,0.378042474
0.203773377,0.298810959,,0.455574445,0.381304186
0.208486088,0.28764477,,0.457526213,0.377083567
0.255304103,0.292168014,,0.476915887,0.378793272
0.343539424,0.338796562,,0.513458532,0.396418023
0.447415743,0.426842416,,0.556478894,0.429697768
0.527210633,0.530529268,,0.589525936,0.46888953
0.553656492,0.610134692,,0.600478484,0.498978945
0.520233261,0.636391083,,0.586636258,0.508903388
0.444411766,0.602778385,,0.555234797,0.496198394
0.355269305,0.526767423,,0.51831646,0.46746762
0.284681278,0.437435495,,0.489082439,0.433701762
0.255593605,0.366658001,,0.477035784,0.406949145
0.283989251,0.337380862,,0.488795837,0.395882914
0.357800403,0.365587041,,0.519364714,0.406544341
0.461870483,0.439208726,,0.562465322,0.434372011
0.556129338,0.543089339,,0.601502613,0.47363701
0.626456126,0.637158726,,0.630628442,0.509193543
0.66839707,0.707296048,,0.647998277,0.535704187
0.68641979,0.749047525,,0.655462384,0.551485492
0.689619845,0.766880779,,0.656787686,0.558226141
0.683144191,0.769891366,,0.654105795,0.559364088
0.673800082,0.763226245,,0.650235934,0.556844793
0.67352154,0.753692669,,0.650120576,0.553241273
0.674597642,0.75322466,,0.650566243,0.553064374
0.659582936,0.754111295,,0.644347905,0.553399506
0.603745489,0.738907123,,0.621222835,0.547652603
0.488264436,0.682880208,,0.573396374,0.526475439
0.332262825,0.567209689,,0.50878833,0.482754068
0.188724074,0.411018611,,0.449341778,0.423716656
0.10747477,0.267290393,,0.415692391,0.36938998
0.123055782,0.185851622,,0.422145265,0.338607592
0.23293083,0.201243167,,0.467649999,0.344425319
0.397287524,0.310928748,,0.5357183,0.385884491
0.564337939,0.475095976,,0.604902204,0.447936744
0.683643602,0.641956923,,0.654312626,0.511007175
0.723885617,0.761073119,,0.670978851,0.55603095
0.68080686,0.801125667,,0.65313779,0.571170091
0.574514792,0.757857444,,0.609116946,0.554815483
0.444743356,0.651375908,,0.555372125,0.514567382
0.333616318,0.521415006,,0.509348879,0.465444503
0.264012297,0.410098501,,0.480522384,0.42336887
0.312044618,0.340305013,,0.500414963,0.39698819
0.356703561,0.388147867,,0.518910457,0.415071926
0.337050878,0.432617343,,0.510771302,0.431880587
0.347290409,0.412775193,,0.515012002,0.424380612
0.589159663,0.422825257,,0.615182117,0.428179355
1.001250148,0.664505044,,0.78584933,0.519529958
1.041362007,1.076406062,,0.80246165,0.675221119
0.413231765,1.116328455,,0.542321604,0.690311064
-0.406549358,0.488008745,,0.202809375,0.452817538
-0.696013212,-0.331961845,,0.082927964,0.142883435
-0.250433564,-0.621615166,,0.267464708,0.0333997
